2026-06-05 10:50:54,940: Train CRR with IFT on Denoising
2026-06-05 10:50:54,940: The model has 13767 parameters
2026-06-05 10:50:54,940: Parameters:
2026-06-05 10:50:54,940: load_pretrain: False, load_parameter_fitting: False, score_sigma: 0.03
2026-06-05 10:50:54,940: pretrain_epochs: 300, pretrain_lr: 0.01, epochs: 100
2026-06-05 10:50:54,940: adabelief: True, fitting_lr: 0.1, lr: 0.001
2026-06-05 10:50:54,940: jacobian_regularization: True, jacobian_regularization_parameter: 1e-06, lmbd: 1.0
2026-06-05 10:51:08,152: [Epoch 1] Train Loss: 1.60E+03, PSNR: 24.35
2026-06-05 10:51:08,709: [Epoch 2] Train Loss: 2.25E+02, PSNR: 30.83
2026-06-05 10:51:09,536: [Epoch 3] Train Loss: 1.32E+02, PSNR: 33.23
2026-06-05 10:51:19,348: [Epoch 4] Train Loss: 1.19E+02, PSNR: 33.68
2026-06-05 10:51:26,860: [Epoch 5] Train Loss: 1.16E+02, PSNR: 33.81
2026-06-05 10:51:27,408: [Epoch 6] Train Loss: 1.27E+02, PSNR: 33.45
2026-06-05 10:51:27,954: [Epoch 7] Train Loss: 1.12E+02, PSNR: 34.05
2026-06-05 10:51:28,491: [Epoch 8] Train Loss: 1.13E+02, PSNR: 33.95
2026-06-05 10:51:29,039: [Epoch 9] Train Loss: 1.10E+02, PSNR: 34.08
2026-06-05 10:51:29,570: [Epoch 10] Train Loss: 1.13E+02, PSNR: 34.00
2026-06-05 10:51:30,117: [Epoch 11] Train Loss: 1.10E+02, PSNR: 34.07
2026-06-05 10:51:30,666: [Epoch 12] Train Loss: 1.11E+02, PSNR: 34.05
2026-06-05 10:51:31,214: [Epoch 13] Train Loss: 1.12E+02, PSNR: 34.02
2026-06-05 10:51:31,744: [Epoch 14] Train Loss: 1.12E+02, PSNR: 34.05
2026-06-05 10:51:32,278: [Epoch 15] Train Loss: 1.11E+02, PSNR: 34.07
2026-06-05 10:51:32,834: [Epoch 16] Train Loss: 1.06E+02, PSNR: 34.26
2026-06-05 10:51:33,392: [Epoch 17] Train Loss: 1.09E+02, PSNR: 34.16
2026-06-05 10:51:33,948: [Epoch 18] Train Loss: 1.09E+02, PSNR: 34.12
2026-06-05 10:51:34,491: [Epoch 19] Train Loss: 1.09E+02, PSNR: 34.17
2026-06-05 10:51:35,041: [Epoch 20] Train Loss: 1.11E+02, PSNR: 34.06
2026-06-05 10:51:35,256: [Epoch 20] Val Loss: 4.26E+01, PSNR: 34.00
2026-06-05 10:51:35,811: [Epoch 21] Train Loss: 1.10E+02, PSNR: 34.10
2026-06-05 10:51:36,363: [Epoch 22] Train Loss: 1.10E+02, PSNR: 34.13
2026-06-05 10:51:36,921: [Epoch 23] Train Loss: 1.06E+02, PSNR: 34.31
2026-06-05 10:51:37,462: [Epoch 24] Train Loss: 1.07E+02, PSNR: 34.22
2026-06-05 10:51:38,020: [Epoch 25] Train Loss: 1.10E+02, PSNR: 34.11
2026-06-05 10:51:38,570: [Epoch 26] Train Loss: 1.10E+02, PSNR: 34.11
2026-06-05 10:51:39,128: [Epoch 27] Train Loss: 1.09E+02, PSNR: 34.15
2026-06-05 10:51:39,680: [Epoch 28] Train Loss: 1.09E+02, PSNR: 34.14
2026-06-05 10:51:40,253: [Epoch 29] Train Loss: 1.08E+02, PSNR: 34.23
2026-06-05 10:51:40,804: [Epoch 30] Train Loss: 1.06E+02, PSNR: 34.29
2026-06-05 10:51:41,360: [Epoch 31] Train Loss: 1.09E+02, PSNR: 34.15
2026-06-05 10:51:41,913: [Epoch 32] Train Loss: 1.10E+02, PSNR: 34.13
2026-06-05 10:51:42,518: [Epoch 33] Train Loss: 1.09E+02, PSNR: 34.18
2026-06-05 10:51:43,072: [Epoch 34] Train Loss: 1.08E+02, PSNR: 34.16
2026-06-05 10:51:43,617: [Epoch 35] Train Loss: 1.08E+02, PSNR: 34.21
2026-06-05 10:51:44,181: [Epoch 36] Train Loss: 1.08E+02, PSNR: 34.21
2026-06-05 10:51:44,744: [Epoch 37] Train Loss: 1.04E+02, PSNR: 34.37
2026-06-05 10:51:45,312: [Epoch 38] Train Loss: 1.06E+02, PSNR: 34.32
2026-06-05 10:51:45,869: [Epoch 39] Train Loss: 1.09E+02, PSNR: 34.18
2026-06-05 10:51:46,443: [Epoch 40] Train Loss: 1.05E+02, PSNR: 34.34
2026-06-05 10:51:46,655: [Epoch 40] Val Loss: 4.18E+01, PSNR: 34.13
2026-06-05 10:51:47,200: [Epoch 41] Train Loss: 1.07E+02, PSNR: 34.28
2026-06-05 10:51:47,758: [Epoch 42] Train Loss: 1.07E+02, PSNR: 34.24
2026-06-05 10:51:48,311: [Epoch 43] Train Loss: 1.08E+02, PSNR: 34.18
2026-06-05 10:51:48,855: [Epoch 44] Train Loss: 1.09E+02, PSNR: 34.17
2026-06-05 10:51:49,417: [Epoch 45] Train Loss: 1.08E+02, PSNR: 34.24
2026-06-05 10:51:49,963: [Epoch 46] Train Loss: 1.10E+02, PSNR: 34.13
2026-06-05 10:51:50,516: [Epoch 47] Train Loss: 1.08E+02, PSNR: 34.23
2026-06-05 10:51:51,073: [Epoch 48] Train Loss: 1.09E+02, PSNR: 34.21
2026-06-05 10:51:51,636: [Epoch 49] Train Loss: 1.06E+02, PSNR: 34.35
2026-06-05 10:51:52,193: [Epoch 50] Train Loss: 1.08E+02, PSNR: 34.22
2026-06-05 10:51:52,739: [Epoch 51] Train Loss: 1.08E+02, PSNR: 34.20
2026-06-05 10:51:53,297: [Epoch 52] Train Loss: 1.08E+02, PSNR: 34.22
2026-06-05 10:51:53,858: [Epoch 53] Train Loss: 1.08E+02, PSNR: 34.19
2026-06-05 10:51:54,436: [Epoch 54] Train Loss: 1.08E+02, PSNR: 34.22
2026-06-05 10:51:54,991: [Epoch 55] Train Loss: 1.07E+02, PSNR: 34.25
2026-06-05 10:51:55,546: [Epoch 56] Train Loss: 1.10E+02, PSNR: 34.12
2026-06-05 10:51:56,103: [Epoch 57] Train Loss: 1.06E+02, PSNR: 34.34
2026-06-05 10:51:56,678: [Epoch 58] Train Loss: 1.11E+02, PSNR: 34.10
2026-06-05 10:51:57,217: [Epoch 59] Train Loss: 1.08E+02, PSNR: 34.23
2026-06-05 10:51:57,774: [Epoch 60] Train Loss: 1.07E+02, PSNR: 34.26
2026-06-05 10:51:57,991: [Epoch 60] Val Loss: 4.15E+01, PSNR: 34.15
2026-06-05 10:51:58,556: [Epoch 61] Train Loss: 1.06E+02, PSNR: 34.28
2026-06-05 10:51:59,107: [Epoch 62] Train Loss: 1.06E+02, PSNR: 34.30
2026-06-05 10:51:59,657: [Epoch 63] Train Loss: 1.04E+02, PSNR: 34.40
2026-06-05 10:52:00,203: [Epoch 64] Train Loss: 1.06E+02, PSNR: 34.28
2026-06-05 10:52:00,764: [Epoch 65] Train Loss: 1.06E+02, PSNR: 34.29
2026-06-05 10:52:01,327: [Epoch 66] Train Loss: 1.06E+02, PSNR: 34.32
2026-06-05 10:52:01,892: [Epoch 67] Train Loss: 1.06E+02, PSNR: 34.29
2026-06-05 10:52:02,449: [Epoch 68] Train Loss: 1.08E+02, PSNR: 34.20
2026-06-05 10:52:03,005: [Epoch 69] Train Loss: 1.07E+02, PSNR: 34.26
2026-06-05 10:52:03,552: [Epoch 70] Train Loss: 1.08E+02, PSNR: 34.19
2026-06-05 10:52:04,114: [Epoch 71] Train Loss: 1.07E+02, PSNR: 34.30
2026-06-05 10:52:04,658: [Epoch 72] Train Loss: 1.06E+02, PSNR: 34.33
2026-06-05 10:52:05,214: [Epoch 73] Train Loss: 1.09E+02, PSNR: 34.17
2026-06-05 10:52:05,752: [Epoch 74] Train Loss: 1.05E+02, PSNR: 34.34
2026-06-05 10:52:06,303: [Epoch 75] Train Loss: 1.05E+02, PSNR: 34.34
2026-06-05 10:52:06,877: [Epoch 76] Train Loss: 1.10E+02, PSNR: 34.16
2026-06-05 10:52:07,427: [Epoch 77] Train Loss: 1.10E+02, PSNR: 34.13
2026-06-05 10:52:07,968: [Epoch 78] Train Loss: 1.07E+02, PSNR: 34.25
2026-06-05 10:52:08,511: [Epoch 79] Train Loss: 1.08E+02, PSNR: 34.24
2026-06-05 10:52:09,075: [Epoch 80] Train Loss: 1.04E+02, PSNR: 34.44
2026-06-05 10:52:09,293: [Epoch 80] Val Loss: 4.14E+01, PSNR: 34.17
2026-06-05 10:52:09,845: [Epoch 81] Train Loss: 1.08E+02, PSNR: 34.22
2026-06-05 10:52:10,419: [Epoch 82] Train Loss: 1.06E+02, PSNR: 34.29
2026-06-05 10:52:10,984: [Epoch 83] Train Loss: 1.07E+02, PSNR: 34.27
2026-06-05 10:52:11,552: [Epoch 84] Train Loss: 1.07E+02, PSNR: 34.25
2026-06-05 10:52:12,117: [Epoch 85] Train Loss: 1.07E+02, PSNR: 34.23
2026-06-05 10:52:12,676: [Epoch 86] Train Loss: 1.10E+02, PSNR: 34.17
2026-06-05 10:52:13,240: [Epoch 87] Train Loss: 1.06E+02, PSNR: 34.32
2026-06-05 10:52:13,808: [Epoch 88] Train Loss: 1.05E+02, PSNR: 34.36
2026-06-05 10:52:14,355: [Epoch 89] Train Loss: 1.06E+02, PSNR: 34.30
2026-06-05 10:52:14,924: [Epoch 90] Train Loss: 1.07E+02, PSNR: 34.30
2026-06-05 10:52:15,509: [Epoch 91] Train Loss: 1.07E+02, PSNR: 34.27
2026-06-05 10:52:16,068: [Epoch 92] Train Loss: 1.08E+02, PSNR: 34.21
2026-06-05 10:52:16,616: [Epoch 93] Train Loss: 1.05E+02, PSNR: 34.34
2026-06-05 10:52:17,185: [Epoch 94] Train Loss: 1.07E+02, PSNR: 34.23
2026-06-05 10:52:17,741: [Epoch 95] Train Loss: 1.08E+02, PSNR: 34.24
2026-06-05 10:52:18,294: [Epoch 96] Train Loss: 1.05E+02, PSNR: 34.36
2026-06-05 10:52:18,841: [Epoch 97] Train Loss: 1.06E+02, PSNR: 34.38
2026-06-05 10:52:19,398: [Epoch 98] Train Loss: 1.04E+02, PSNR: 34.40
2026-06-05 10:52:19,955: [Epoch 99] Train Loss: 1.07E+02, PSNR: 34.27
2026-06-05 10:52:20,517: [Epoch 100] Train Loss: 1.03E+02, PSNR: 34.44
2026-06-05 10:52:20,728: [Epoch 100] Val Loss: 4.15E+01, PSNR: 34.24
2026-06-05 10:52:21,276: [Epoch 101] Train Loss: 1.06E+02, PSNR: 34.30
2026-06-05 10:52:21,845: [Epoch 102] Train Loss: 1.06E+02, PSNR: 34.29
2026-06-05 10:52:22,436: [Epoch 103] Train Loss: 1.04E+02, PSNR: 34.41
2026-06-05 10:52:22,999: [Epoch 104] Train Loss: 1.05E+02, PSNR: 34.36
2026-06-05 10:52:23,561: [Epoch 105] Train Loss: 1.06E+02, PSNR: 34.31
2026-06-05 10:52:24,124: [Epoch 106] Train Loss: 1.05E+02, PSNR: 34.35
2026-06-05 10:52:24,697: [Epoch 107] Train Loss: 1.07E+02, PSNR: 34.27
2026-06-05 10:52:25,262: [Epoch 108] Train Loss: 1.07E+02, PSNR: 34.25
2026-06-05 10:52:25,823: [Epoch 109] Train Loss: 1.06E+02, PSNR: 34.29
2026-06-05 10:52:26,417: [Epoch 110] Train Loss: 1.07E+02, PSNR: 34.27
2026-06-05 10:52:26,995: [Epoch 111] Train Loss: 1.08E+02, PSNR: 34.27
2026-06-05 10:52:27,564: [Epoch 112] Train Loss: 1.05E+02, PSNR: 34.35
2026-06-05 10:52:28,117: [Epoch 113] Train Loss: 1.07E+02, PSNR: 34.29
2026-06-05 10:52:28,681: [Epoch 114] Train Loss: 1.06E+02, PSNR: 34.33
2026-06-05 10:52:29,268: [Epoch 115] Train Loss: 1.08E+02, PSNR: 34.24
2026-06-05 10:52:29,849: [Epoch 116] Train Loss: 1.03E+02, PSNR: 34.45
2026-06-05 10:52:30,442: [Epoch 117] Train Loss: 1.09E+02, PSNR: 34.19
2026-06-05 10:52:30,999: [Epoch 118] Train Loss: 1.04E+02, PSNR: 34.42
2026-06-05 10:52:31,587: [Epoch 119] Train Loss: 1.06E+02, PSNR: 34.32
2026-06-05 10:52:32,157: [Epoch 120] Train Loss: 1.05E+02, PSNR: 34.38
2026-06-05 10:52:32,373: [Epoch 120] Val Loss: 4.13E+01, PSNR: 34.24
2026-06-05 10:52:32,960: [Epoch 121] Train Loss: 1.06E+02, PSNR: 34.26
2026-06-05 10:52:33,524: [Epoch 122] Train Loss: 1.05E+02, PSNR: 34.39
2026-06-05 10:52:34,091: [Epoch 123] Train Loss: 1.06E+02, PSNR: 34.32
2026-06-05 10:52:34,653: [Epoch 124] Train Loss: 1.08E+02, PSNR: 34.22
2026-06-05 10:52:35,223: [Epoch 125] Train Loss: 1.04E+02, PSNR: 34.39
2026-06-05 10:52:35,790: [Epoch 126] Train Loss: 1.07E+02, PSNR: 34.19
2026-06-05 10:52:36,359: [Epoch 127] Train Loss: 1.06E+02, PSNR: 34.34
2026-06-05 10:52:36,952: [Epoch 128] Train Loss: 1.07E+02, PSNR: 34.27
2026-06-05 10:52:37,526: [Epoch 129] Train Loss: 1.06E+02, PSNR: 34.29
2026-06-05 10:52:38,118: [Epoch 130] Train Loss: 1.06E+02, PSNR: 34.32
2026-06-05 10:52:38,681: [Epoch 131] Train Loss: 1.07E+02, PSNR: 34.27
2026-06-05 10:52:39,260: [Epoch 132] Train Loss: 1.06E+02, PSNR: 34.32
2026-06-05 10:52:39,829: [Epoch 133] Train Loss: 1.08E+02, PSNR: 34.21
2026-06-05 10:52:40,404: [Epoch 134] Train Loss: 1.08E+02, PSNR: 34.22
2026-06-05 10:52:40,996: [Epoch 135] Train Loss: 1.04E+02, PSNR: 34.40
2026-06-05 10:52:41,569: [Epoch 136] Train Loss: 1.07E+02, PSNR: 34.31
2026-06-05 10:52:42,125: [Epoch 137] Train Loss: 1.03E+02, PSNR: 34.47
2026-06-05 10:52:42,686: [Epoch 138] Train Loss: 1.06E+02, PSNR: 34.33
2026-06-05 10:52:43,256: [Epoch 139] Train Loss: 1.08E+02, PSNR: 34.17
2026-06-05 10:52:43,806: [Epoch 140] Train Loss: 1.05E+02, PSNR: 34.37
2026-06-05 10:52:44,019: [Epoch 140] Val Loss: 4.12E+01, PSNR: 34.21
2026-06-05 10:52:44,588: [Epoch 141] Train Loss: 1.04E+02, PSNR: 34.43
2026-06-05 10:52:45,167: [Epoch 142] Train Loss: 1.09E+02, PSNR: 34.23
2026-06-05 10:52:45,785: [Epoch 143] Train Loss: 1.08E+02, PSNR: 34.22
2026-06-05 10:52:46,366: [Epoch 144] Train Loss: 1.08E+02, PSNR: 34.24
2026-06-05 10:52:46,969: [Epoch 145] Train Loss: 1.08E+02, PSNR: 34.25
2026-06-05 10:52:47,560: [Epoch 146] Train Loss: 1.04E+02, PSNR: 34.42
2026-06-05 10:52:48,279: [Epoch 147] Train Loss: 1.08E+02, PSNR: 34.24
2026-06-05 10:52:49,028: [Epoch 148] Train Loss: 1.08E+02, PSNR: 34.20
2026-06-05 10:52:49,753: [Epoch 149] Train Loss: 1.06E+02, PSNR: 34.32
2026-06-05 10:52:50,460: [Epoch 150] Train Loss: 1.05E+02, PSNR: 34.36
2026-06-05 10:52:51,158: [Epoch 151] Train Loss: 1.09E+02, PSNR: 34.18
2026-06-05 10:52:51,880: [Epoch 152] Train Loss: 1.06E+02, PSNR: 34.31
2026-06-05 10:52:52,581: [Epoch 153] Train Loss: 1.05E+02, PSNR: 34.36
2026-06-05 10:52:53,296: [Epoch 154] Train Loss: 1.06E+02, PSNR: 34.32
2026-06-05 10:52:54,043: [Epoch 155] Train Loss: 1.07E+02, PSNR: 34.27
2026-06-05 10:52:54,787: [Epoch 156] Train Loss: 1.06E+02, PSNR: 34.31
2026-06-05 10:52:55,531: [Epoch 157] Train Loss: 1.08E+02, PSNR: 34.21
2026-06-05 10:52:56,265: [Epoch 158] Train Loss: 1.05E+02, PSNR: 34.37
2026-06-05 10:52:57,003: [Epoch 159] Train Loss: 1.04E+02, PSNR: 34.37
2026-06-05 10:52:57,730: [Epoch 160] Train Loss: 1.06E+02, PSNR: 34.32
2026-06-05 10:52:57,991: [Epoch 160] Val Loss: 4.13E+01, PSNR: 34.18
2026-06-05 10:52:58,680: [Epoch 161] Train Loss: 1.07E+02, PSNR: 34.25
2026-06-05 10:52:59,379: [Epoch 162] Train Loss: 1.05E+02, PSNR: 34.32
2026-06-05 10:53:00,109: [Epoch 163] Train Loss: 1.05E+02, PSNR: 34.36
2026-06-05 10:53:00,882: [Epoch 164] Train Loss: 1.07E+02, PSNR: 34.23
2026-06-05 10:53:01,555: [Epoch 165] Train Loss: 1.06E+02, PSNR: 34.31
2026-06-05 10:53:02,270: [Epoch 166] Train Loss: 1.04E+02, PSNR: 34.39
2026-06-05 10:53:02,949: [Epoch 167] Train Loss: 1.06E+02, PSNR: 34.30
2026-06-05 10:53:03,604: [Epoch 168] Train Loss: 1.02E+02, PSNR: 34.50
2026-06-05 10:53:04,307: [Epoch 169] Train Loss: 1.06E+02, PSNR: 34.29
2026-06-05 10:53:05,042: [Epoch 170] Train Loss: 1.05E+02, PSNR: 34.37
2026-06-05 10:53:05,707: [Epoch 171] Train Loss: 1.06E+02, PSNR: 34.27
2026-06-05 10:53:06,440: [Epoch 172] Train Loss: 1.06E+02, PSNR: 34.31
2026-06-05 10:53:07,147: [Epoch 173] Train Loss: 1.05E+02, PSNR: 34.34
2026-06-05 10:53:07,835: [Epoch 174] Train Loss: 1.07E+02, PSNR: 34.24
2026-06-05 10:53:08,423: [Epoch 175] Train Loss: 1.04E+02, PSNR: 34.40
2026-06-05 10:53:09,018: [Epoch 176] Train Loss: 1.07E+02, PSNR: 34.24
2026-06-05 10:53:09,592: [Epoch 177] Train Loss: 1.05E+02, PSNR: 34.35
2026-06-05 10:53:10,182: [Epoch 178] Train Loss: 1.09E+02, PSNR: 34.17
2026-06-05 10:53:10,760: [Epoch 179] Train Loss: 1.05E+02, PSNR: 34.36
2026-06-05 10:53:11,335: [Epoch 180] Train Loss: 1.08E+02, PSNR: 34.22
2026-06-05 10:53:11,580: [Epoch 180] Val Loss: 4.12E+01, PSNR: 34.20
2026-06-05 10:53:12,181: [Epoch 181] Train Loss: 1.05E+02, PSNR: 34.34
2026-06-05 10:53:12,747: [Epoch 182] Train Loss: 1.08E+02, PSNR: 34.22
2026-06-05 10:53:13,313: [Epoch 183] Train Loss: 1.08E+02, PSNR: 34.26
2026-06-05 10:53:13,895: [Epoch 184] Train Loss: 1.06E+02, PSNR: 34.32
2026-06-05 10:53:14,493: [Epoch 185] Train Loss: 1.05E+02, PSNR: 34.36
2026-06-05 10:53:15,106: [Epoch 186] Train Loss: 1.04E+02, PSNR: 34.39
2026-06-05 10:53:15,781: [Epoch 187] Train Loss: 1.08E+02, PSNR: 34.22
2026-06-05 10:53:16,507: [Epoch 188] Train Loss: 1.07E+02, PSNR: 34.24
2026-06-05 10:53:17,217: [Epoch 189] Train Loss: 1.06E+02, PSNR: 34.31
2026-06-05 10:53:17,959: [Epoch 190] Train Loss: 1.05E+02, PSNR: 34.39
2026-06-05 10:53:18,670: [Epoch 191] Train Loss: 1.08E+02, PSNR: 34.27
2026-06-05 10:53:19,375: [Epoch 192] Train Loss: 1.07E+02, PSNR: 34.31
2026-06-05 10:53:20,070: [Epoch 193] Train Loss: 1.06E+02, PSNR: 34.33
2026-06-05 10:53:20,789: [Epoch 194] Train Loss: 1.05E+02, PSNR: 34.35
2026-06-05 10:53:21,500: [Epoch 195] Train Loss: 1.06E+02, PSNR: 34.31
2026-06-05 10:53:22,215: [Epoch 196] Train Loss: 1.06E+02, PSNR: 34.35
2026-06-05 10:53:22,909: [Epoch 197] Train Loss: 1.08E+02, PSNR: 34.21
2026-06-05 10:53:23,646: [Epoch 198] Train Loss: 1.04E+02, PSNR: 34.44
2026-06-05 10:53:24,339: [Epoch 199] Train Loss: 1.05E+02, PSNR: 34.38
2026-06-05 10:53:25,044: [Epoch 200] Train Loss: 1.08E+02, PSNR: 34.23
2026-06-05 10:53:25,280: [Epoch 200] Val Loss: 4.11E+01, PSNR: 34.22
2026-06-05 10:53:25,871: [Epoch 201] Train Loss: 1.05E+02, PSNR: 34.35
2026-06-05 10:53:26,436: [Epoch 202] Train Loss: 1.06E+02, PSNR: 34.27
2026-06-05 10:53:27,017: [Epoch 203] Train Loss: 1.04E+02, PSNR: 34.41
2026-06-05 10:53:27,595: [Epoch 204] Train Loss: 1.06E+02, PSNR: 34.31
2026-06-05 10:53:28,187: [Epoch 205] Train Loss: 1.06E+02, PSNR: 34.33
2026-06-05 10:53:28,770: [Epoch 206] Train Loss: 1.07E+02, PSNR: 34.26
2026-06-05 10:53:29,364: [Epoch 207] Train Loss: 1.06E+02, PSNR: 34.32
2026-06-05 10:53:29,923: [Epoch 208] Train Loss: 1.06E+02, PSNR: 34.33
2026-06-05 10:53:30,619: [Epoch 209] Train Loss: 1.05E+02, PSNR: 34.33
2026-06-05 10:53:31,311: [Epoch 210] Train Loss: 1.08E+02, PSNR: 34.25
2026-06-05 10:53:32,018: [Epoch 211] Train Loss: 1.06E+02, PSNR: 34.27
2026-06-05 10:53:32,583: [Epoch 212] Train Loss: 1.05E+02, PSNR: 34.40
2026-06-05 10:53:33,140: [Epoch 213] Train Loss: 1.08E+02, PSNR: 34.23
2026-06-05 10:53:33,719: [Epoch 214] Train Loss: 1.06E+02, PSNR: 34.26
2026-06-05 10:53:34,290: [Epoch 215] Train Loss: 1.06E+02, PSNR: 34.29
2026-06-05 10:53:34,857: [Epoch 216] Train Loss: 1.07E+02, PSNR: 34.27
2026-06-05 10:53:35,449: [Epoch 217] Train Loss: 1.05E+02, PSNR: 34.39
2026-06-05 10:53:36,052: [Epoch 218] Train Loss: 1.08E+02, PSNR: 34.25
2026-06-05 10:53:36,602: [Epoch 219] Train Loss: 1.03E+02, PSNR: 34.39
2026-06-05 10:53:37,151: [Epoch 220] Train Loss: 1.06E+02, PSNR: 34.30
2026-06-05 10:53:37,363: [Epoch 220] Val Loss: 4.12E+01, PSNR: 34.25
2026-06-05 10:53:37,948: [Epoch 221] Train Loss: 1.04E+02, PSNR: 34.38
2026-06-05 10:53:38,498: [Epoch 222] Train Loss: 1.06E+02, PSNR: 34.32
2026-06-05 10:53:39,058: [Epoch 223] Train Loss: 1.06E+02, PSNR: 34.34
2026-06-05 10:53:39,606: [Epoch 224] Train Loss: 1.04E+02, PSNR: 34.41
2026-06-05 10:53:40,176: [Epoch 225] Train Loss: 1.06E+02, PSNR: 34.32
2026-06-05 10:53:40,732: [Epoch 226] Train Loss: 1.08E+02, PSNR: 34.23
2026-06-05 10:53:41,294: [Epoch 227] Train Loss: 1.07E+02, PSNR: 34.29
2026-06-05 10:53:41,852: [Epoch 228] Train Loss: 1.07E+02, PSNR: 34.22
2026-06-05 10:53:42,416: [Epoch 229] Train Loss: 1.05E+02, PSNR: 34.38
2026-06-05 10:53:42,964: [Epoch 230] Train Loss: 1.07E+02, PSNR: 34.24
2026-06-05 10:53:43,527: [Epoch 231] Train Loss: 1.05E+02, PSNR: 34.37
2026-06-05 10:53:44,092: [Epoch 232] Train Loss: 1.10E+02, PSNR: 34.14
2026-06-05 10:53:44,663: [Epoch 233] Train Loss: 1.05E+02, PSNR: 34.36
2026-06-05 10:53:45,215: [Epoch 234] Train Loss: 1.06E+02, PSNR: 34.33
2026-06-05 10:53:45,761: [Epoch 235] Train Loss: 1.07E+02, PSNR: 34.24
2026-06-05 10:53:46,311: [Epoch 236] Train Loss: 1.05E+02, PSNR: 34.38
2026-06-05 10:53:46,870: [Epoch 237] Train Loss: 1.08E+02, PSNR: 34.25
2026-06-05 10:53:47,435: [Epoch 238] Train Loss: 1.04E+02, PSNR: 34.37
2026-06-05 10:53:48,002: [Epoch 239] Train Loss: 1.06E+02, PSNR: 34.33
2026-06-05 10:53:48,562: [Epoch 240] Train Loss: 1.08E+02, PSNR: 34.21
2026-06-05 10:53:48,772: [Epoch 240] Val Loss: 4.11E+01, PSNR: 34.23
2026-06-05 10:53:49,336: [Epoch 241] Train Loss: 1.07E+02, PSNR: 34.30
2026-06-05 10:53:49,874: [Epoch 242] Train Loss: 1.06E+02, PSNR: 34.32
2026-06-05 10:53:50,436: [Epoch 243] Train Loss: 1.07E+02, PSNR: 34.31
2026-06-05 10:53:50,994: [Epoch 244] Train Loss: 1.08E+02, PSNR: 34.24
2026-06-05 10:53:51,539: [Epoch 245] Train Loss: 1.05E+02, PSNR: 34.36
2026-06-05 10:53:52,105: [Epoch 246] Train Loss: 1.08E+02, PSNR: 34.19
2026-06-05 10:53:52,655: [Epoch 247] Train Loss: 1.06E+02, PSNR: 34.30
2026-06-05 10:53:53,201: [Epoch 248] Train Loss: 1.05E+02, PSNR: 34.34
2026-06-05 10:53:53,745: [Epoch 249] Train Loss: 1.04E+02, PSNR: 34.43
2026-06-05 10:53:54,313: [Epoch 250] Train Loss: 1.04E+02, PSNR: 34.39
2026-06-05 10:53:54,881: [Epoch 251] Train Loss: 1.05E+02, PSNR: 34.35
2026-06-05 10:53:55,445: [Epoch 252] Train Loss: 1.06E+02, PSNR: 34.31
2026-06-05 10:53:56,002: [Epoch 253] Train Loss: 1.06E+02, PSNR: 34.34
2026-06-05 10:53:56,568: [Epoch 254] Train Loss: 1.03E+02, PSNR: 34.49
2026-06-05 10:53:57,135: [Epoch 255] Train Loss: 1.08E+02, PSNR: 34.21
2026-06-05 10:53:57,721: [Epoch 256] Train Loss: 1.06E+02, PSNR: 34.37
2026-06-05 10:53:58,279: [Epoch 257] Train Loss: 1.06E+02, PSNR: 34.31
2026-06-05 10:53:58,847: [Epoch 258] Train Loss: 1.03E+02, PSNR: 34.47
2026-06-05 10:53:59,405: [Epoch 259] Train Loss: 1.05E+02, PSNR: 34.40
2026-06-05 10:53:59,961: [Epoch 260] Train Loss: 1.06E+02, PSNR: 34.30
2026-06-05 10:54:00,183: [Epoch 260] Val Loss: 4.11E+01, PSNR: 34.24
2026-06-05 10:54:00,753: [Epoch 261] Train Loss: 1.04E+02, PSNR: 34.41
2026-06-05 10:54:01,367: [Epoch 262] Train Loss: 1.07E+02, PSNR: 34.27
2026-06-05 10:54:02,021: [Epoch 263] Train Loss: 1.04E+02, PSNR: 34.41
2026-06-05 10:54:02,721: [Epoch 264] Train Loss: 1.06E+02, PSNR: 34.35
2026-06-05 10:54:03,375: [Epoch 265] Train Loss: 1.03E+02, PSNR: 34.48
2026-06-05 10:54:03,926: [Epoch 266] Train Loss: 1.06E+02, PSNR: 34.30
2026-06-05 10:54:04,496: [Epoch 267] Train Loss: 1.05E+02, PSNR: 34.34
2026-06-05 10:54:05,050: [Epoch 268] Train Loss: 1.07E+02, PSNR: 34.25
2026-06-05 10:54:05,617: [Epoch 269] Train Loss: 1.08E+02, PSNR: 34.23
2026-06-05 10:54:06,185: [Epoch 270] Train Loss: 1.08E+02, PSNR: 34.20
2026-06-05 10:54:06,756: [Epoch 271] Train Loss: 1.06E+02, PSNR: 34.30
2026-06-05 10:54:07,302: [Epoch 272] Train Loss: 1.03E+02, PSNR: 34.44
2026-06-05 10:54:07,844: [Epoch 273] Train Loss: 1.02E+02, PSNR: 34.44
2026-06-05 10:54:08,384: [Epoch 274] Train Loss: 1.05E+02, PSNR: 34.34
2026-06-05 10:54:08,953: [Epoch 275] Train Loss: 1.03E+02, PSNR: 34.44
2026-06-05 10:54:09,506: [Epoch 276] Train Loss: 1.07E+02, PSNR: 34.30
2026-06-05 10:54:10,056: [Epoch 277] Train Loss: 1.01E+02, PSNR: 34.56
2026-06-05 10:54:10,613: [Epoch 278] Train Loss: 1.07E+02, PSNR: 34.26
2026-06-05 10:54:11,159: [Epoch 279] Train Loss: 1.04E+02, PSNR: 34.41
2026-06-05 10:54:11,720: [Epoch 280] Train Loss: 1.05E+02, PSNR: 34.36
2026-06-05 10:54:11,937: [Epoch 280] Val Loss: 4.12E+01, PSNR: 34.21
2026-06-05 10:54:12,488: [Epoch 281] Train Loss: 1.06E+02, PSNR: 34.33
2026-06-05 10:54:13,044: [Epoch 282] Train Loss: 1.05E+02, PSNR: 34.36
2026-06-05 10:54:13,600: [Epoch 283] Train Loss: 1.06E+02, PSNR: 34.32
2026-06-05 10:54:14,168: [Epoch 284] Train Loss: 1.05E+02, PSNR: 34.38
2026-06-05 10:54:14,698: [Epoch 285] Train Loss: 1.04E+02, PSNR: 34.43
2026-06-05 10:54:15,255: [Epoch 286] Train Loss: 1.04E+02, PSNR: 34.40
2026-06-05 10:54:15,796: [Epoch 287] Train Loss: 1.06E+02, PSNR: 34.28
2026-06-05 10:54:16,346: [Epoch 288] Train Loss: 1.08E+02, PSNR: 34.26
2026-06-05 10:54:16,892: [Epoch 289] Train Loss: 1.06E+02, PSNR: 34.33
2026-06-05 10:54:17,433: [Epoch 290] Train Loss: 1.04E+02, PSNR: 34.39
2026-06-05 10:54:18,012: [Epoch 291] Train Loss: 1.09E+02, PSNR: 34.21
2026-06-05 10:54:18,564: [Epoch 292] Train Loss: 1.04E+02, PSNR: 34.41
2026-06-05 10:54:19,119: [Epoch 293] Train Loss: 1.05E+02, PSNR: 34.39
2026-06-05 10:54:19,666: [Epoch 294] Train Loss: 1.07E+02, PSNR: 34.26
2026-06-05 10:54:20,228: [Epoch 295] Train Loss: 1.04E+02, PSNR: 34.42
2026-06-05 10:54:20,778: [Epoch 296] Train Loss: 1.05E+02, PSNR: 34.33
2026-06-05 10:54:21,330: [Epoch 297] Train Loss: 1.05E+02, PSNR: 34.38
2026-06-05 10:54:21,896: [Epoch 298] Train Loss: 1.07E+02, PSNR: 34.27
2026-06-05 10:54:22,473: [Epoch 299] Train Loss: 1.07E+02, PSNR: 34.29
2026-06-05 10:54:23,022: [Epoch 300] Train Loss: 1.06E+02, PSNR: 34.28
2026-06-05 10:54:23,240: [Epoch 300] Val Loss: 4.10E+01, PSNR: 34.25
2026-06-05 10:54:25,352: Step 10, Train PSNR 24.962382316589355
2026-06-05 10:54:27,800: Step 20, Train PSNR 26.577243900299074
2026-06-05 10:54:30,196: Step 30, Train PSNR 26.852353541056313
2026-06-05 10:54:32,697: Step 40, Train PSNR 27.09378695487976
2026-06-05 10:54:33,945: [Epoch 1] Train Loss: 3.82E+01, PSNR: 27.11
2026-06-05 10:54:36,697: Step 10, Train PSNR 27.93699493408203
2026-06-05 10:54:39,379: Step 20, Train PSNR 27.913243675231932
2026-06-05 10:54:42,022: Step 30, Train PSNR 27.680535761515298
2026-06-05 10:54:44,814: Step 40, Train PSNR 27.727720165252684
2026-06-05 10:54:46,247: [Epoch 2] Train Loss: 3.20E+01, PSNR: 27.70
2026-06-05 10:54:49,266: Step 10, Train PSNR 27.892327880859376
2026-06-05 10:54:52,184: Step 20, Train PSNR 27.97314395904541
2026-06-05 10:54:55,097: Step 30, Train PSNR 27.744283612569173
2026-06-05 10:54:58,083: Step 40, Train PSNR 27.689190196990968
2026-06-05 10:54:59,594: [Epoch 3] Train Loss: 3.20E+01, PSNR: 27.80
2026-06-05 10:55:02,851: Step 10, Train PSNR 28.188188362121583
2026-06-05 10:55:05,986: Step 20, Train PSNR 27.962787437438966
2026-06-05 10:55:09,033: Step 30, Train PSNR 27.9219269434611
2026-06-05 10:55:12,278: Step 40, Train PSNR 28.019759321212767
2026-06-05 10:55:13,797: [Epoch 4] Train Loss: 3.09E+01, PSNR: 27.97
2026-06-05 10:55:17,107: Step 10, Train PSNR 28.049726486206055
2026-06-05 10:55:20,281: Step 20, Train PSNR 27.755229187011718
2026-06-05 10:55:23,556: Step 30, Train PSNR 27.881705792744956
2026-06-05 10:55:26,747: Step 40, Train PSNR 27.762100648880004
2026-06-05 10:55:28,427: [Epoch 5] Train Loss: 3.16E+01, PSNR: 27.83
2026-06-05 10:55:35,204: [Epoch 5] Val Loss: 1.89E+02, PSNR: 27.75
2026-06-05 10:55:38,625: Step 10, Train PSNR 27.738960647583006
2026-06-05 10:55:41,888: Step 20, Train PSNR 27.844507122039794
2026-06-05 10:55:45,296: Step 30, Train PSNR 28.045395215352375
2026-06-05 10:55:48,698: Step 40, Train PSNR 28.110366582870483
2026-06-05 10:55:50,381: [Epoch 6] Train Loss: 3.02E+01, PSNR: 28.05
2026-06-05 10:55:53,903: Step 10, Train PSNR 27.876987075805665
2026-06-05 10:55:57,239: Step 20, Train PSNR 27.739759826660155
2026-06-05 10:56:00,810: Step 30, Train PSNR 27.85295492808024
2026-06-05 10:56:04,111: Step 40, Train PSNR 27.79113116264343
2026-06-05 10:56:05,856: [Epoch 7] Train Loss: 3.18E+01, PSNR: 27.78
2026-06-05 10:56:09,462: Step 10, Train PSNR 27.831296920776367
2026-06-05 10:56:12,933: Step 20, Train PSNR 27.891478729248046
2026-06-05 10:56:16,469: Step 30, Train PSNR 27.967638969421387
2026-06-05 10:56:19,950: Step 40, Train PSNR 27.833069944381712
2026-06-05 10:56:21,592: [Epoch 8] Train Loss: 3.15E+01, PSNR: 27.76
2026-06-05 10:56:25,235: Step 10, Train PSNR 27.76333236694336
2026-06-05 10:56:28,894: Step 20, Train PSNR 28.12777795791626
2026-06-05 10:56:32,362: Step 30, Train PSNR 27.933335749308267
2026-06-05 10:56:35,939: Step 40, Train PSNR 27.96053032875061
2026-06-05 10:56:37,800: [Epoch 9] Train Loss: 3.05E+01, PSNR: 28.01
2026-06-05 10:56:41,544: Step 10, Train PSNR 28.15408248901367
2026-06-05 10:56:45,069: Step 20, Train PSNR 27.924778556823732
2026-06-05 10:56:48,627: Step 30, Train PSNR 27.798368708292642
2026-06-05 10:56:52,096: Step 40, Train PSNR 27.783445119857788
2026-06-05 10:56:54,035: [Epoch 10] Train Loss: 3.08E+01, PSNR: 27.92
2026-06-05 10:57:01,520: [Epoch 10] Val Loss: 1.88E+02, PSNR: 27.81
2026-06-05 10:57:05,326: Step 10, Train PSNR 28.108913612365722
2026-06-05 10:57:08,858: Step 20, Train PSNR 27.75632848739624
2026-06-05 10:57:12,605: Step 30, Train PSNR 27.976578585306804
2026-06-05 10:57:16,311: Step 40, Train PSNR 28.029156160354614
2026-06-05 10:57:18,251: [Epoch 11] Train Loss: 3.00E+01, PSNR: 28.06
2026-06-05 10:57:22,039: Step 10, Train PSNR 27.78623809814453
2026-06-05 10:57:25,819: Step 20, Train PSNR 27.843400382995604
2026-06-05 10:57:29,504: Step 30, Train PSNR 27.897505887349446
2026-06-05 10:57:33,260: Step 40, Train PSNR 28.025237560272217
2026-06-05 10:57:35,217: [Epoch 12] Train Loss: 2.97E+01, PSNR: 28.06
2026-06-05 10:57:39,123: Step 10, Train PSNR 28.15332145690918
2026-06-05 10:57:42,852: Step 20, Train PSNR 28.00647439956665
2026-06-05 10:57:46,619: Step 30, Train PSNR 28.08919308980306
2026-06-05 10:57:50,472: Step 40, Train PSNR 28.05182275772095
2026-06-05 10:57:52,325: [Epoch 13] Train Loss: 3.01E+01, PSNR: 28.05
2026-06-05 10:57:56,214: Step 10, Train PSNR 27.840657234191895
2026-06-05 10:57:59,934: Step 20, Train PSNR 27.831412887573244
2026-06-05 10:58:03,780: Step 30, Train PSNR 27.952593676249187
2026-06-05 10:58:07,441: Step 40, Train PSNR 27.868036222457885
2026-06-05 10:58:09,404: [Epoch 14] Train Loss: 3.11E+01, PSNR: 27.90
2026-06-05 10:58:13,382: Step 10, Train PSNR 28.18909320831299
2026-06-05 10:58:17,194: Step 20, Train PSNR 27.991316890716554
2026-06-05 10:58:20,898: Step 30, Train PSNR 27.971780840555827
2026-06-05 10:58:25,480: Step 40, Train PSNR 28.00146794319153
2026-06-05 10:58:28,167: [Epoch 15] Train Loss: 3.11E+01, PSNR: 27.91
2026-06-05 10:58:40,412: [Epoch 15] Val Loss: 1.87E+02, PSNR: 27.85
2026-06-05 10:58:46,339: Step 10, Train PSNR 27.77738265991211
2026-06-05 10:58:52,383: Step 20, Train PSNR 28.024480533599853
2026-06-05 10:58:58,591: Step 30, Train PSNR 28.167009035746258
2026-06-05 10:59:04,398: Step 40, Train PSNR 28.044179105758666
2026-06-05 10:59:07,376: [Epoch 16] Train Loss: 2.98E+01, PSNR: 28.05
2026-06-05 10:59:13,252: Step 10, Train PSNR 27.79337100982666
2026-06-05 10:59:19,006: Step 20, Train PSNR 27.62395601272583
2026-06-05 10:59:25,256: Step 30, Train PSNR 28.05191961924235
2026-06-05 10:59:31,284: Step 40, Train PSNR 27.989784955978394
2026-06-05 10:59:34,470: [Epoch 17] Train Loss: 3.04E+01, PSNR: 28.01
2026-06-05 10:59:40,635: Step 10, Train PSNR 28.350893211364745
2026-06-05 10:59:46,697: Step 20, Train PSNR 28.270911979675294
2026-06-05 10:59:52,765: Step 30, Train PSNR 28.165733782450356
2026-06-05 10:59:58,611: Step 40, Train PSNR 28.003627634048463
2026-06-05 11:00:01,472: [Epoch 18] Train Loss: 3.06E+01, PSNR: 27.98
2026-06-05 11:00:07,409: Step 10, Train PSNR 27.579759216308595
2026-06-05 11:00:13,559: Step 20, Train PSNR 27.884129142761232
2026-06-05 11:00:19,516: Step 30, Train PSNR 27.934538968404134
2026-06-05 11:00:25,709: Step 40, Train PSNR 27.898160886764526
2026-06-05 11:00:28,644: [Epoch 19] Train Loss: 3.13E+01, PSNR: 27.90
2026-06-05 11:00:35,310: Step 10, Train PSNR 27.745959663391112
2026-06-05 11:00:40,812: Step 20, Train PSNR 27.791422653198243
2026-06-05 11:00:46,198: Step 30, Train PSNR 27.743951670328777
2026-06-05 11:00:51,581: Step 40, Train PSNR 27.920864391326905
2026-06-05 11:00:54,013: [Epoch 20] Train Loss: 3.14E+01, PSNR: 27.89
2026-06-05 11:01:04,590: [Epoch 20] Val Loss: 1.88E+02, PSNR: 27.91
2026-06-05 11:01:12,618: Jac Loss 4790.390625
2026-06-05 11:01:18,038: Jac Loss 2511.198486328125
2026-06-05 11:01:20,569: Step 10, Train PSNR 27.823487091064454
2026-06-05 11:01:20,884: Jac Loss 3256.648193359375
2026-06-05 11:01:23,606: Jac Loss 4516.892578125
2026-06-05 11:01:25,643: Step 20, Train PSNR 27.86485347747803
2026-06-05 11:01:26,048: Jac Loss 4436.32421875
2026-06-05 11:01:28,701: Jac Loss 5106.07177734375
2026-06-05 11:01:30,900: Step 30, Train PSNR 27.821618270874023
2026-06-05 11:01:31,249: Jac Loss 3961.802734375
2026-06-05 11:01:33,888: Jac Loss 4392.17578125
2026-06-05 11:01:36,174: Step 40, Train PSNR 27.952354526519777
2026-06-05 11:01:36,600: Jac Loss 5300.5693359375
2026-06-05 11:01:38,946: [Epoch 1] Train Loss: 3.04E+01, PSNR: 27.98
2026-06-05 11:01:41,639: Jac Loss 5442.04248046875
2026-06-05 11:01:45,175: Jac Loss 3948.883056640625
2026-06-05 11:01:47,305: Step 10, Train PSNR 27.684549713134764
2026-06-05 11:01:47,643: Jac Loss 4638.658203125
2026-06-05 11:01:50,902: Jac Loss 6215.71630859375
2026-06-05 11:01:53,509: Step 20, Train PSNR 27.79893102645874
2026-06-05 11:01:53,867: Jac Loss 6113.544921875
2026-06-05 11:01:58,508: Jac Loss 4814.4755859375
2026-06-05 11:02:00,751: Step 30, Train PSNR 27.898016866048177
2026-06-05 11:02:01,220: Jac Loss 6502.85498046875
2026-06-05 11:02:04,072: Jac Loss 5076.9345703125
2026-06-05 11:02:06,321: Step 40, Train PSNR 27.959243631362916
2026-06-05 11:02:06,725: Jac Loss 6354.1044921875
2026-06-05 11:02:08,854: [Epoch 2] Train Loss: 3.05E+01, PSNR: 27.96
2026-06-05 11:02:11,944: Jac Loss 6207.3935546875
2026-06-05 11:02:14,818: Jac Loss 5143.3486328125
2026-06-05 11:02:16,981: Step 10, Train PSNR 27.62890033721924
2026-06-05 11:02:17,314: Jac Loss 5318.591796875
2026-06-05 11:02:19,610: Jac Loss 6355.16552734375
2026-06-05 11:02:22,976: Step 20, Train PSNR 27.78420009613037
2026-06-05 11:02:23,306: Jac Loss 7375.98974609375
2026-06-05 11:02:26,821: Jac Loss 8409.962890625
2026-06-05 11:02:29,134: Step 30, Train PSNR 27.92775084177653
2026-06-05 11:02:29,489: Jac Loss 9221.51953125
2026-06-05 11:02:32,055: Jac Loss 7464.2490234375
2026-06-05 11:02:34,296: Step 40, Train PSNR 27.921870851516722
2026-06-05 11:02:34,643: Jac Loss 4869.57861328125
2026-06-05 11:02:36,943: [Epoch 3] Train Loss: 3.11E+01, PSNR: 27.86
2026-06-05 11:02:38,471: Jac Loss 7000.98583984375
2026-06-05 11:02:40,995: Jac Loss 7297.7890625
2026-06-05 11:02:43,256: Step 10, Train PSNR 27.92292537689209
2026-06-05 11:02:43,652: Jac Loss 8719.4951171875
2026-06-05 11:02:46,269: Jac Loss 6476.8876953125
2026-06-05 11:02:48,473: Step 20, Train PSNR 27.786505699157715
2026-06-05 11:02:48,842: Jac Loss 7631.25390625
2026-06-05 11:02:51,644: Jac Loss 9481.904296875
2026-06-05 11:02:54,090: Step 30, Train PSNR 27.85584519704183
2026-06-05 11:02:54,547: Jac Loss 7790.7841796875
2026-06-05 11:02:57,145: Jac Loss 9007.083984375
2026-06-05 11:02:59,607: Step 40, Train PSNR 27.9160804271698
2026-06-05 11:03:00,017: Jac Loss 11566.474609375
2026-06-05 11:03:02,485: [Epoch 4] Train Loss: 3.10E+01, PSNR: 27.90
2026-06-05 11:03:04,729: Jac Loss 8864.8017578125
2026-06-05 11:03:08,010: Jac Loss 11531.6611328125
2026-06-05 11:03:11,257: Step 10, Train PSNR 27.919104194641115
2026-06-05 11:03:11,710: Jac Loss 11476.8828125
2026-06-05 11:03:14,953: Jac Loss 9200.955078125
2026-06-05 11:03:17,371: Step 20, Train PSNR 27.928754997253417
2026-06-05 11:03:17,795: Jac Loss 9208.103515625
2026-06-05 11:03:20,549: Jac Loss 12739.5078125
2026-06-05 11:03:23,072: Step 30, Train PSNR 27.90793908437093
2026-06-05 11:03:23,602: Jac Loss 9544.599609375
2026-06-05 11:03:26,689: Jac Loss 11482.8125
2026-06-05 11:03:29,196: Step 40, Train PSNR 27.899752950668336
2026-06-05 11:03:29,602: Jac Loss 8895.806640625
2026-06-05 11:03:32,233: [Epoch 5] Train Loss: 3.07E+01, PSNR: 27.87
2026-06-05 11:03:33,939: Jac Loss 11021.7158203125
2026-06-05 11:03:36,775: Jac Loss 11679.609375
2026-06-05 11:03:39,154: Step 10, Train PSNR 27.877825355529787
2026-06-05 11:03:39,533: Jac Loss 11803.4716796875
2026-06-05 11:03:42,134: Jac Loss 10060.359375
2026-06-05 11:03:44,165: Step 20, Train PSNR 27.637798309326172
2026-06-05 11:03:44,563: Jac Loss 11229.2431640625
2026-06-05 11:03:47,155: Jac Loss 17229.890625
2026-06-05 11:03:49,499: Step 30, Train PSNR 27.96487719217936
2026-06-05 11:03:49,875: Jac Loss 14955.970703125
2026-06-05 11:03:52,480: Jac Loss 14603.0859375
2026-06-05 11:03:54,772: Step 40, Train PSNR 28.05531315803528
2026-06-05 11:03:55,212: Jac Loss 16880.7265625
2026-06-05 11:03:57,659: [Epoch 6] Train Loss: 2.97E+01, PSNR: 28.10
2026-06-05 11:04:02,116: Jac Loss 14490.7890625
2026-06-05 11:04:04,781: Jac Loss 12233.0595703125
2026-06-05 11:04:07,099: Step 10, Train PSNR 27.955831909179686
2026-06-05 11:04:07,471: Jac Loss 16414.076171875
2026-06-05 11:04:10,295: Jac Loss 18296.48828125
2026-06-05 11:04:12,663: Step 20, Train PSNR 28.119060516357422
2026-06-05 11:04:13,089: Jac Loss 20455.015625
2026-06-05 11:04:16,449: Jac Loss 18879.75
2026-06-05 11:04:19,173: Step 30, Train PSNR 28.19470634460449
2026-06-05 11:04:19,642: Jac Loss 18231.94140625
2026-06-05 11:04:23,198: Jac Loss 18996.5546875
2026-06-05 11:04:25,668: Step 40, Train PSNR 28.211474323272704
2026-06-05 11:04:26,037: Jac Loss 18572.478515625
2026-06-05 11:04:28,676: [Epoch 7] Train Loss: 2.94E+01, PSNR: 28.16
2026-06-05 11:04:29,888: Jac Loss 18670.30859375
2026-06-05 11:04:32,540: Jac Loss 16631.0078125
2026-06-05 11:04:35,117: Step 10, Train PSNR 28.245361137390137
2026-06-05 11:04:35,594: Jac Loss 18995.748046875
2026-06-05 11:04:38,621: Jac Loss 20235.01171875
2026-06-05 11:04:40,962: Step 20, Train PSNR 28.143577003479002
2026-06-05 11:04:41,360: Jac Loss 17440.625
2026-06-05 11:04:44,305: Jac Loss 22003.09765625
2026-06-05 11:04:46,749: Step 30, Train PSNR 28.16361910502116
2026-06-05 11:04:47,098: Jac Loss 17416.302734375
2026-06-05 11:04:49,829: Jac Loss 20018.40625
2026-06-05 11:04:52,223: Step 40, Train PSNR 28.1101665019989
2026-06-05 11:04:52,568: Jac Loss 23345.34375
2026-06-05 11:04:54,953: [Epoch 8] Train Loss: 2.90E+01, PSNR: 28.18
2026-06-05 11:04:55,467: Jac Loss 18990.326171875
2026-06-05 11:04:58,263: Jac Loss 29033.50390625
2026-06-05 11:05:00,578: Step 10, Train PSNR 28.071077728271483
2026-06-05 11:05:00,947: Jac Loss 18737.56640625
2026-06-05 11:05:03,813: Jac Loss 19680.91015625
2026-06-05 11:05:06,098: Step 20, Train PSNR 27.932775020599365
2026-06-05 11:05:06,452: Jac Loss 18939.140625
2026-06-05 11:05:09,144: Jac Loss 19079.201171875
2026-06-05 11:05:11,650: Step 30, Train PSNR 28.003605143229166
2026-06-05 11:05:12,055: Jac Loss 21928.3125
2026-06-05 11:05:14,835: Jac Loss 22770.96484375
2026-06-05 11:05:17,231: Step 40, Train PSNR 28.029262256622314
2026-06-05 11:05:17,592: Jac Loss 28093.99609375
2026-06-05 11:05:20,055: [Epoch 9] Train Loss: 3.00E+01, PSNR: 28.10
2026-06-05 11:05:20,553: Jac Loss 27912.34375
2026-06-05 11:05:23,423: Jac Loss 22117.2734375
2026-06-05 11:05:25,744: Step 10, Train PSNR 28.0590726852417
2026-06-05 11:05:26,119: Jac Loss 20049.26953125
2026-06-05 11:05:28,992: Jac Loss 23775.5390625
2026-06-05 11:05:32,463: Step 20, Train PSNR 28.221888542175293
2026-06-05 11:05:33,030: Jac Loss 23914.2890625
2026-06-05 11:05:37,371: Jac Loss 23456.7890625
2026-06-05 11:05:41,173: Step 30, Train PSNR 28.225313313802083
2026-06-05 11:05:41,756: Jac Loss 23237.20703125
2026-06-05 11:05:45,928: Jac Loss 26289.177734375
2026-06-05 11:05:49,589: Step 40, Train PSNR 28.17223014831543
2026-06-05 11:05:50,149: Jac Loss 25342.16796875
2026-06-05 11:05:53,867: [Epoch 10] Train Loss: 2.94E+01, PSNR: 28.21
2026-06-05 11:05:54,640: Jac Loss 30168.36328125
2026-06-05 11:05:58,963: Jac Loss 29135.62890625
2026-06-05 11:06:02,679: Step 10, Train PSNR 28.461617469787598
2026-06-05 11:06:03,266: Jac Loss 31229.689453125
2026-06-05 11:06:07,619: Jac Loss 29377.8046875
2026-06-05 11:06:11,285: Step 20, Train PSNR 28.209285259246826
2026-06-05 11:06:11,882: Jac Loss 26867.232421875
2026-06-05 11:06:16,131: Jac Loss 26475.64453125
2026-06-05 11:06:19,678: Step 30, Train PSNR 28.26312395731608
2026-06-05 11:06:20,298: Jac Loss 32321.32421875
2026-06-05 11:06:24,705: Jac Loss 25532.654296875
2026-06-05 11:06:28,425: Step 40, Train PSNR 28.23717393875122
2026-06-05 11:06:29,030: Jac Loss 29996.703125
2026-06-05 11:06:32,789: [Epoch 11] Train Loss: 2.97E+01, PSNR: 28.15
2026-06-05 11:06:33,627: Jac Loss 29547.63671875
2026-06-05 11:06:37,870: Jac Loss 29387.869140625
2026-06-05 11:06:41,595: Step 10, Train PSNR 27.806911087036134
2026-06-05 11:06:42,198: Jac Loss 38254.05859375
2026-06-05 11:06:46,652: Jac Loss 27643.80078125
2026-06-05 11:06:50,166: Step 20, Train PSNR 28.010473346710206
2026-06-05 11:06:50,750: Jac Loss 26162.2421875
2026-06-05 11:06:55,146: Jac Loss 33512.5234375
2026-06-05 11:06:58,985: Step 30, Train PSNR 28.129984029134114
2026-06-05 11:06:59,642: Jac Loss 30057.8828125
2026-06-05 11:07:04,029: Jac Loss 25648.771484375
2026-06-05 11:07:07,744: Step 40, Train PSNR 28.082010889053343
2026-06-05 11:07:08,351: Jac Loss 33575.3515625
2026-06-05 11:07:11,933: [Epoch 12] Train Loss: 3.00E+01, PSNR: 28.03
2026-06-05 11:07:12,631: Jac Loss 26734.880859375
2026-06-05 11:07:16,952: Jac Loss 28796.40625
2026-06-05 11:07:20,755: Step 10, Train PSNR 28.165431213378906
2026-06-05 11:07:21,363: Jac Loss 25986.0859375
2026-06-05 11:07:25,624: Jac Loss 33666.9765625
2026-06-05 11:07:29,332: Step 20, Train PSNR 28.12600212097168
2026-06-05 11:07:29,958: Jac Loss 34603.0078125
2026-06-05 11:07:34,146: Jac Loss 28307.494140625
2026-06-05 11:07:37,679: Step 30, Train PSNR 28.114925956726076
2026-06-05 11:07:38,217: Jac Loss 33532.3828125
2026-06-05 11:07:42,118: Jac Loss 34573.765625
2026-06-05 11:07:45,658: Step 40, Train PSNR 28.163784408569335
2026-06-05 11:07:46,203: Jac Loss 42914.328125
2026-06-05 11:07:51,558: [Epoch 13] Train Loss: 3.00E+01, PSNR: 28.17
2026-06-05 11:10:16,372: Jac Loss 30481.3828125
2026-06-05 11:10:19,332: Jac Loss 30977.015625
2026-06-05 11:10:21,953: Step 10, Train PSNR 28.157094955444336
2026-06-05 11:10:22,368: Jac Loss 39611.03515625
2026-06-05 11:10:25,362: Jac Loss 31783.953125
2026-06-05 11:10:28,259: Step 20, Train PSNR 28.110776329040526
2026-06-05 11:10:28,672: Jac Loss 39198.4375
2026-06-05 11:10:32,089: Jac Loss 32762.46875
2026-06-05 11:10:35,045: Step 30, Train PSNR 28.03598429361979
2026-06-05 11:10:35,446: Jac Loss 30726.984375
2026-06-05 11:10:38,555: Jac Loss 33292.2421875
2026-06-05 11:10:40,984: Step 40, Train PSNR 27.9947603225708
2026-06-05 11:10:41,373: Jac Loss 31001.734375
2026-06-05 11:10:43,972: [Epoch 14] Train Loss: 3.05E+01, PSNR: 28.00
2026-06-05 11:10:47,797: Jac Loss 29971.37109375
2026-06-05 11:10:51,649: Jac Loss 33173.0234375
2026-06-05 11:10:54,930: Step 10, Train PSNR 27.886624336242676
2026-06-05 11:10:55,614: Jac Loss 36626.69921875
2026-06-05 11:10:58,534: Jac Loss 32870.7109375
2026-06-05 11:11:01,171: Step 20, Train PSNR 28.03217658996582
2026-06-05 11:11:01,584: Jac Loss 32470.142578125
2026-06-05 11:11:04,919: Jac Loss 37714.91015625
2026-06-05 11:11:07,436: Step 30, Train PSNR 27.98741760253906
2026-06-05 11:11:07,819: Jac Loss 31232.140625
2026-06-05 11:11:11,134: Jac Loss 33176.83984375
2026-06-05 11:11:14,101: Step 40, Train PSNR 27.983298587799073
2026-06-05 11:11:14,509: Jac Loss 30297.26171875
2026-06-05 11:11:18,241: [Epoch 15] Train Loss: 3.04E+01, PSNR: 28.04
2026-06-05 11:11:18,986: Jac Loss 35282.65234375
2026-06-05 11:11:23,456: Jac Loss 36229.0703125
2026-06-05 11:11:27,507: Step 10, Train PSNR 27.998426246643067
2026-06-05 11:11:28,141: Jac Loss 37043.171875
2026-06-05 11:11:32,666: Jac Loss 41615.4375
2026-06-05 11:11:36,776: Step 20, Train PSNR 28.233427333831788
2026-06-05 11:11:37,352: Jac Loss 35227.3515625
2026-06-05 11:11:41,854: Jac Loss 42059.60546875
2026-06-05 11:11:45,745: Step 30, Train PSNR 28.147248458862304
2026-06-05 11:11:46,406: Jac Loss 34034.6875
2026-06-05 11:11:50,938: Jac Loss 41897.43359375
2026-06-05 11:11:54,657: Step 40, Train PSNR 28.082816457748415
2026-06-05 11:11:55,242: Jac Loss 29853.3828125
2026-06-05 11:11:59,029: [Epoch 16] Train Loss: 3.05E+01, PSNR: 28.00
2026-06-05 11:11:59,747: Jac Loss 30966.30859375
2026-06-05 11:12:04,191: Jac Loss 30916.0859375
2026-06-05 11:12:07,992: Step 10, Train PSNR 27.972626876831054
2026-06-05 11:12:08,636: Jac Loss 37363.68359375
2026-06-05 11:12:13,354: Jac Loss 38665.0859375
2026-06-05 11:12:17,472: Step 20, Train PSNR 28.124117851257324
2026-06-05 11:12:18,060: Jac Loss 39172.40625
2026-06-05 11:12:22,730: Jac Loss 46070.390625
2026-06-05 11:12:26,697: Step 30, Train PSNR 28.309365526835123
2026-06-05 11:12:27,138: Jac Loss 41987.7265625
2026-06-05 11:12:30,418: Jac Loss 37337.7421875
2026-06-05 11:12:32,897: Step 40, Train PSNR 28.157044553756712
2026-06-05 11:12:33,279: Jac Loss 35461.6640625
2026-06-05 11:12:35,820: [Epoch 17] Train Loss: 2.94E+01, PSNR: 28.14
2026-06-05 11:12:36,411: Jac Loss 40705.5859375
2026-06-05 11:12:39,401: Jac Loss 39549.65234375
2026-06-05 11:12:41,947: Step 10, Train PSNR 27.791684913635255
2026-06-05 11:12:42,383: Jac Loss 44999.671875
2026-06-05 11:12:45,300: Jac Loss 41807.328125
2026-06-05 11:12:48,014: Step 20, Train PSNR 28.22888526916504
2026-06-05 11:12:48,430: Jac Loss 45897.3203125
2026-06-05 11:12:51,384: Jac Loss 40088.375
2026-06-05 11:12:54,043: Step 30, Train PSNR 28.136594581604005
2026-06-05 11:12:54,460: Jac Loss 41503.12109375
2026-06-05 11:12:57,609: Jac Loss 38862.0234375
2026-06-05 11:13:00,181: Step 40, Train PSNR 28.054237365722656
2026-06-05 11:13:00,586: Jac Loss 37870.53515625
2026-06-05 11:13:03,097: [Epoch 18] Train Loss: 3.00E+01, PSNR: 28.05
2026-06-05 11:13:03,605: Jac Loss 35393.75390625
2026-06-05 11:13:06,617: Jac Loss 43537.20703125
2026-06-05 11:13:10,226: Step 10, Train PSNR 28.126752662658692
2026-06-05 11:13:10,840: Jac Loss 45477.30859375
2026-06-05 11:13:15,472: Jac Loss 43403.43359375
2026-06-05 11:13:19,411: Step 20, Train PSNR 28.12884302139282
2026-06-05 11:13:20,035: Jac Loss 37560.125
2026-06-05 11:13:24,483: Jac Loss 35035.203125
2026-06-05 11:13:28,242: Step 30, Train PSNR 28.067171223958333
2026-06-05 11:13:28,850: Jac Loss 49016.84375
2026-06-05 11:13:33,265: Jac Loss 35593.83984375
2026-06-05 11:13:37,240: Step 40, Train PSNR 28.05585994720459
2026-06-05 11:13:37,764: Jac Loss 32763.94140625
2026-06-05 11:13:41,828: [Epoch 19] Train Loss: 3.03E+01, PSNR: 28.03
2026-06-05 11:13:42,569: Jac Loss 31710.197265625
2026-06-05 11:13:47,219: Jac Loss 43152.08203125
2026-06-05 11:13:51,161: Step 10, Train PSNR 27.76425704956055
2026-06-05 11:13:51,777: Jac Loss 38423.296875
2026-06-05 11:13:56,184: Jac Loss 35688.4765625
2026-06-05 11:14:00,183: Step 20, Train PSNR 27.911962032318115
2026-06-05 11:14:00,817: Jac Loss 45503.94140625
2026-06-05 11:14:05,505: Jac Loss 37824.6484375
2026-06-05 11:14:08,511: Step 30, Train PSNR 27.87140000661214
2026-06-05 11:14:08,924: Jac Loss 38902.609375
2026-06-05 11:14:11,898: Jac Loss 41142.3828125
2026-06-05 11:14:14,464: Step 40, Train PSNR 27.899273061752318
2026-06-05 11:14:14,838: Jac Loss 33936.68359375
2026-06-05 11:14:17,502: [Epoch 20] Train Loss: 3.05E+01, PSNR: 27.96
2026-06-05 11:14:32,735: [Epoch 20] Val Loss: 1.83E+02, PSNR: 27.99
2026-06-05 11:14:33,575: Jac Loss 41878.09765625
2026-06-05 11:14:38,162: Jac Loss 42390.921875
2026-06-05 11:14:42,169: Step 10, Train PSNR 28.464962005615234
2026-06-05 11:14:42,817: Jac Loss 45243.640625
2026-06-05 11:14:47,333: Jac Loss 35762.8125
2026-06-05 11:14:51,295: Step 20, Train PSNR 28.264390659332275
2026-06-05 11:14:52,015: Jac Loss 37273.58203125
2026-06-05 11:14:56,492: Jac Loss 36355.4296875
2026-06-05 11:15:00,364: Step 30, Train PSNR 28.10194460550944
2026-06-05 11:15:00,968: Jac Loss 39583.8125
2026-06-05 11:15:05,571: Jac Loss 37822.71484375
2026-06-05 11:15:09,508: Step 40, Train PSNR 28.08322148323059
2026-06-05 11:15:10,085: Jac Loss 38212.0
2026-06-05 11:15:13,947: [Epoch 21] Train Loss: 3.02E+01, PSNR: 28.05
2026-06-05 11:15:14,696: Jac Loss 36672.546875
2026-06-05 11:15:19,310: Jac Loss 44144.6328125
2026-06-05 11:15:23,284: Step 10, Train PSNR 27.975373458862304
2026-06-05 11:15:23,876: Jac Loss 35074.66796875
2026-06-05 11:15:28,183: Jac Loss 35361.28125
2026-06-05 11:15:31,960: Step 20, Train PSNR 27.67358980178833
2026-06-05 11:15:32,594: Jac Loss 35625.42578125
2026-06-05 11:15:37,323: Jac Loss 44968.3125
2026-06-05 11:15:41,439: Step 30, Train PSNR 28.025371551513672
2026-06-05 11:15:42,098: Jac Loss 47153.0625
2026-06-05 11:15:46,799: Jac Loss 39088.0859375
2026-06-05 11:15:50,965: Step 40, Train PSNR 28.173650121688844
2026-06-05 11:15:51,579: Jac Loss 44412.19921875
2026-06-05 11:15:55,691: [Epoch 22] Train Loss: 2.99E+01, PSNR: 28.13
2026-06-05 11:15:56,385: Jac Loss 47224.48828125
2026-06-05 11:16:00,961: Jac Loss 35096.1953125
2026-06-05 11:16:04,818: Step 10, Train PSNR 27.818790245056153
2026-06-05 11:16:05,410: Jac Loss 36679.375
2026-06-05 11:16:09,946: Jac Loss 46810.52734375
2026-06-05 11:16:14,193: Step 20, Train PSNR 27.91425838470459
2026-06-05 11:16:14,783: Jac Loss 34016.15625
2026-06-05 11:16:19,358: Jac Loss 45575.4453125
2026-06-05 11:16:23,609: Step 30, Train PSNR 28.01612491607666
2026-06-05 11:16:24,205: Jac Loss 40464.453125
2026-06-05 11:16:28,833: Jac Loss 37082.07421875
2026-06-05 11:16:32,767: Step 40, Train PSNR 27.94504632949829
2026-06-05 11:16:33,303: Jac Loss 42117.1875
2026-06-05 11:16:36,932: [Epoch 23] Train Loss: 3.08E+01, PSNR: 27.97
2026-06-05 11:16:38,183: Jac Loss 41221.8046875
2026-06-05 11:16:43,298: Jac Loss 56920.13671875
2026-06-05 11:16:48,611: Step 10, Train PSNR 28.81068859100342
2026-06-05 11:16:49,519: Jac Loss 58176.7109375
2026-06-05 11:16:54,012: Jac Loss 36341.828125
2026-06-05 11:16:57,122: Step 20, Train PSNR 28.12918367385864
2026-06-05 11:16:57,855: Jac Loss 39014.1015625
2026-06-05 11:17:01,238: Jac Loss 41664.05859375
2026-06-05 11:17:04,494: Step 30, Train PSNR 27.954754257202147
2026-06-05 11:17:05,422: Jac Loss 42487.234375
2026-06-05 11:17:09,962: Jac Loss 52926.37890625
2026-06-05 11:17:13,354: Step 40, Train PSNR 27.990826511383055
2026-06-05 11:17:13,794: Jac Loss 47772.2578125
2026-06-05 11:17:17,609: [Epoch 24] Train Loss: 3.02E+01, PSNR: 28.00
2026-06-05 11:17:22,577: Jac Loss 39007.84765625
2026-06-05 11:17:26,574: Jac Loss 48032.87890625
2026-06-05 11:17:30,664: Step 10, Train PSNR 28.15659980773926
2026-06-05 11:17:31,112: Jac Loss 32474.5234375
2026-06-05 11:17:34,513: Jac Loss 39040.26953125
2026-06-05 11:17:38,590: Step 20, Train PSNR 27.903304386138917
2026-06-05 11:17:39,052: Jac Loss 38006.515625
2026-06-05 11:17:43,156: Jac Loss 40684.2421875
2026-06-05 11:17:47,037: Step 30, Train PSNR 27.995129267374676
2026-06-05 11:17:48,060: Jac Loss 39589.7109375
2026-06-05 11:17:51,777: Jac Loss 44222.25
2026-06-05 11:17:56,317: Step 40, Train PSNR 27.93902168273926
2026-06-05 11:17:56,828: Jac Loss 41353.60546875
2026-06-05 11:17:59,986: [Epoch 25] Train Loss: 3.05E+01, PSNR: 27.97
2026-06-05 11:18:01,679: Jac Loss 43645.67578125
2026-06-05 11:18:06,774: Jac Loss 39884.33984375
2026-06-05 11:18:09,650: Step 10, Train PSNR 27.93301601409912
2026-06-05 11:18:10,079: Jac Loss 38879.3203125
2026-06-05 11:18:14,756: Jac Loss 35254.8046875
2026-06-05 11:18:17,657: Step 20, Train PSNR 27.78393440246582
2026-06-05 11:18:18,169: Jac Loss 40867.9765625
2026-06-05 11:18:22,188: Jac Loss 34409.34765625
2026-06-05 11:18:25,379: Step 30, Train PSNR 27.857765007019044
2026-06-05 11:18:25,944: Jac Loss 43704.4609375
2026-06-05 11:18:29,883: Jac Loss 44422.4921875
2026-06-05 11:18:33,823: Step 40, Train PSNR 28.014081144332884
2026-06-05 11:18:34,258: Jac Loss 48087.8828125
2026-06-05 11:18:37,432: [Epoch 26] Train Loss: 3.06E+01, PSNR: 28.01
2026-06-05 11:18:38,700: Jac Loss 47309.45703125
2026-06-05 11:18:42,492: Jac Loss 44656.1171875
2026-06-05 11:18:45,809: Step 10, Train PSNR 28.11304340362549
2026-06-05 11:18:46,365: Jac Loss 40509.484375
2026-06-05 11:18:51,094: Jac Loss 47872.4453125
2026-06-05 11:18:53,938: Step 20, Train PSNR 28.230085945129396
2026-06-05 11:18:54,528: Jac Loss 46467.5703125
2026-06-05 11:18:58,607: Jac Loss 55496.29296875
2026-06-05 11:19:01,733: Step 30, Train PSNR 28.193352063496906
2026-06-05 11:19:02,259: Jac Loss 44338.16015625
2026-06-05 11:19:05,583: Jac Loss 50560.0546875
2026-06-05 11:19:08,191: Step 40, Train PSNR 28.19065089225769
2026-06-05 11:19:09,198: Jac Loss 39972.17578125
2026-06-05 11:19:12,861: [Epoch 27] Train Loss: 2.94E+01, PSNR: 28.15
2026-06-05 11:19:13,638: Jac Loss 40788.9375
2026-06-05 11:19:16,848: Jac Loss 45369.93359375
2026-06-05 11:19:19,609: Step 10, Train PSNR 27.707148933410643
2026-06-05 11:19:20,343: Jac Loss 43352.5859375
2026-06-05 11:19:23,466: Jac Loss 46708.6171875
2026-06-05 11:19:27,071: Step 20, Train PSNR 27.788352966308594
2026-06-05 11:19:27,514: Jac Loss 47029.85546875
2026-06-05 11:19:30,654: Jac Loss 50644.15625
2026-06-05 11:19:33,808: Step 30, Train PSNR 27.959851455688476
2026-06-05 11:19:34,235: Jac Loss 36704.1953125
2026-06-05 11:19:37,567: Jac Loss 35893.7265625
2026-06-05 11:19:40,211: Step 40, Train PSNR 27.98254566192627
2026-06-05 11:19:40,624: Jac Loss 51675.98046875
2026-06-05 11:19:45,549: [Epoch 28] Train Loss: 3.00E+01, PSNR: 28.03
2026-06-05 11:21:48,445: Jac Loss 53631.2421875
2026-06-05 11:21:52,418: Jac Loss 43914.46875
2026-06-05 11:21:55,536: Step 10, Train PSNR 27.89861297607422
2026-06-05 11:21:56,546: Jac Loss 43752.765625
2026-06-05 11:22:01,007: Jac Loss 46973.48046875
2026-06-05 11:22:05,090: Step 20, Train PSNR 27.76622905731201
2026-06-05 11:22:05,492: Jac Loss 41140.60546875
2026-06-05 11:22:09,104: Jac Loss 49095.33984375
2026-06-05 11:22:13,279: Step 30, Train PSNR 27.90918820699056
2026-06-05 11:22:13,666: Jac Loss 44189.2734375
2026-06-05 11:22:17,069: Jac Loss 48036.796875
2026-06-05 11:22:19,946: Step 40, Train PSNR 28.0143319606781
2026-06-05 11:22:20,366: Jac Loss 51910.40234375
2026-06-05 11:22:27,153: [Epoch 29] Train Loss: 3.09E+01, PSNR: 27.99
2026-06-05 11:22:44,630: Jac Loss 40115.40625
2026-06-05 11:22:48,261: Jac Loss 44037.53125
2026-06-05 11:22:51,102: Step 10, Train PSNR 28.256346893310546
2026-06-05 11:22:51,512: Jac Loss 74620.578125
2026-06-05 11:22:54,757: Jac Loss 52718.3046875
2026-06-05 11:22:57,764: Step 20, Train PSNR 28.264265155792238
2026-06-05 11:22:58,167: Jac Loss 47201.5234375
2026-06-05 11:23:02,201: Jac Loss 50143.33984375
2026-06-05 11:23:04,957: Step 30, Train PSNR 28.25544859568278
2026-06-05 11:23:05,343: Jac Loss 45588.18359375
2026-06-05 11:23:08,856: Jac Loss 50224.22265625
2026-06-05 11:23:11,600: Step 40, Train PSNR 28.24580216407776
2026-06-05 11:23:12,013: Jac Loss 53552.9296875
2026-06-05 11:23:15,233: [Epoch 30] Train Loss: 2.89E+01, PSNR: 28.23
2026-06-05 11:23:16,233: Jac Loss 43439.640625
2026-06-05 11:23:19,854: Jac Loss 49993.5859375
2026-06-05 11:23:22,621: Step 10, Train PSNR 28.118338775634765
2026-06-05 11:23:23,009: Jac Loss 49853.77734375
2026-06-05 11:23:26,435: Jac Loss 55203.4375
2026-06-05 11:23:29,583: Step 20, Train PSNR 28.152683544158936
2026-06-05 11:23:30,008: Jac Loss 43711.125
2026-06-05 11:23:33,218: Jac Loss 51478.1875
2026-06-05 11:23:35,925: Step 30, Train PSNR 28.100809860229493
2026-06-05 11:23:36,318: Jac Loss 40359.48046875
2026-06-05 11:23:39,240: Jac Loss 33119.53515625
2026-06-05 11:23:41,895: Step 40, Train PSNR 27.929330682754518
2026-06-05 11:23:42,263: Jac Loss 39547.9375
2026-06-05 11:23:46,226: [Epoch 31] Train Loss: 3.09E+01, PSNR: 27.89
2026-06-05 11:23:46,885: Jac Loss 50031.203125
2026-06-05 11:23:50,680: Jac Loss 46705.4765625
2026-06-05 11:23:53,370: Step 10, Train PSNR 28.125711822509764
2026-06-05 11:23:53,790: Jac Loss 45912.30078125
2026-06-05 11:23:57,632: Jac Loss 46655.28125
2026-06-05 11:24:00,400: Step 20, Train PSNR 28.10841760635376
2026-06-05 11:24:00,812: Jac Loss 42471.21875
2026-06-05 11:24:04,046: Jac Loss 46023.140625
2026-06-05 11:24:07,668: Step 30, Train PSNR 28.201163419087727
2026-06-05 11:24:08,174: Jac Loss 51921.4609375
2026-06-05 11:24:11,600: Jac Loss 49873.99609375
2026-06-05 11:24:14,803: Step 40, Train PSNR 28.21363525390625
2026-06-05 11:24:15,248: Jac Loss 57768.52734375
2026-06-05 11:24:18,355: [Epoch 32] Train Loss: 2.91E+01, PSNR: 28.22
2026-06-05 11:24:18,867: Jac Loss 49635.4296875
2026-06-05 11:24:22,199: Jac Loss 57302.6640625
2026-06-05 11:24:25,435: Step 10, Train PSNR 28.04170322418213
2026-06-05 11:24:25,850: Jac Loss 48473.1953125
2026-06-05 11:24:29,012: Jac Loss 48406.9296875
2026-06-05 11:24:32,059: Step 20, Train PSNR 28.120631885528564
2026-06-05 11:24:32,464: Jac Loss 60962.83984375
2026-06-05 11:24:35,915: Jac Loss 47352.01171875
2026-06-05 11:24:38,766: Step 30, Train PSNR 28.141246604919434
2026-06-05 11:24:39,187: Jac Loss 50407.4453125
2026-06-05 11:24:42,696: Jac Loss 53163.9140625
2026-06-05 11:24:46,002: Step 40, Train PSNR 28.103038358688355
2026-06-05 11:24:46,405: Jac Loss 46982.9921875
2026-06-05 11:24:49,566: [Epoch 33] Train Loss: 2.98E+01, PSNR: 28.11
2026-06-05 11:24:50,165: Jac Loss 49857.0078125
2026-06-05 11:24:53,446: Jac Loss 47611.8984375
2026-06-05 11:24:56,675: Step 10, Train PSNR 28.49844093322754
2026-06-05 11:24:57,140: Jac Loss 43448.21875
2026-06-05 11:25:00,514: Jac Loss 57398.046875
2026-06-05 11:25:03,351: Step 20, Train PSNR 28.07914228439331
2026-06-05 11:25:03,760: Jac Loss 41399.890625
2026-06-05 11:25:07,625: Jac Loss 43229.4921875
2026-06-05 11:25:10,571: Step 30, Train PSNR 28.06389153798421
2026-06-05 11:25:11,014: Jac Loss 56861.890625
2026-06-05 11:25:14,316: Jac Loss 57458.078125
2026-06-05 11:25:17,056: Step 40, Train PSNR 28.154921054840088
2026-06-05 11:25:17,479: Jac Loss 50714.67578125
2026-06-05 11:25:20,344: [Epoch 34] Train Loss: 2.97E+01, PSNR: 28.08
2026-06-05 11:25:20,881: Jac Loss 48161.59375
2026-06-05 11:25:24,164: Jac Loss 51222.578125
2026-06-05 11:25:26,808: Step 10, Train PSNR 28.145224189758302
2026-06-05 11:25:27,180: Jac Loss 50801.4453125
2026-06-05 11:25:30,309: Jac Loss 53484.87109375
2026-06-05 11:25:32,967: Step 20, Train PSNR 28.096850395202637
2026-06-05 11:25:33,392: Jac Loss 49263.890625
2026-06-05 11:25:36,492: Jac Loss 62981.88671875
2026-06-05 11:25:39,234: Step 30, Train PSNR 28.051206461588542
2026-06-05 11:25:39,752: Jac Loss 50686.3984375
2026-06-05 11:25:42,988: Jac Loss 46827.8203125
2026-06-05 11:25:45,651: Step 40, Train PSNR 28.101151037216187
2026-06-05 11:25:46,045: Jac Loss 52908.5390625
2026-06-05 11:25:48,919: [Epoch 35] Train Loss: 2.94E+01, PSNR: 28.07
2026-06-05 11:25:49,412: Jac Loss 45150.609375
2026-06-05 11:25:52,705: Jac Loss 52217.58203125
2026-06-05 11:25:55,981: Step 10, Train PSNR 27.9979736328125
2026-06-05 11:25:56,389: Jac Loss 44025.296875
2026-06-05 11:25:59,570: Jac Loss 44882.0625
2026-06-05 11:26:02,219: Step 20, Train PSNR 27.92656183242798
2026-06-05 11:26:02,580: Jac Loss 50687.6015625
2026-06-05 11:26:05,907: Jac Loss 49471.05859375
2026-06-05 11:26:08,906: Step 30, Train PSNR 28.062345695495605
2026-06-05 11:26:09,501: Jac Loss 57570.16015625
2026-06-05 11:26:13,216: Jac Loss 59088.3984375
2026-06-05 11:26:15,837: Step 40, Train PSNR 28.11712017059326
2026-06-05 11:26:16,611: Jac Loss 51959.73828125
2026-06-05 11:26:19,769: [Epoch 36] Train Loss: 2.94E+01, PSNR: 28.20
2026-06-05 11:26:20,351: Jac Loss 56709.3203125
2026-06-05 11:26:23,802: Jac Loss 58583.33203125
2026-06-05 11:26:26,445: Step 10, Train PSNR 28.194624137878417
2026-06-05 11:26:26,873: Jac Loss 43498.87890625
2026-06-05 11:26:30,376: Jac Loss 40846.2578125
2026-06-05 11:26:33,104: Step 20, Train PSNR 28.08516330718994
2026-06-05 11:26:33,557: Jac Loss 54032.85546875
2026-06-05 11:26:36,947: Jac Loss 51671.1875
2026-06-05 11:26:39,538: Step 30, Train PSNR 28.075576400756837
2026-06-05 11:26:39,952: Jac Loss 40805.6796875
2026-06-05 11:26:43,101: Jac Loss 42196.25
2026-06-05 11:26:46,084: Step 40, Train PSNR 28.00128331184387
2026-06-05 11:26:46,925: Jac Loss 49049.9609375
2026-06-05 11:26:49,652: [Epoch 37] Train Loss: 3.05E+01, PSNR: 28.02
2026-06-05 11:26:50,168: Jac Loss 48970.8671875
2026-06-05 11:26:53,437: Jac Loss 56487.671875
2026-06-05 11:26:56,226: Step 10, Train PSNR 28.359399795532227
2026-06-05 11:26:56,823: Jac Loss 50666.2109375
2026-06-05 11:27:00,643: Jac Loss 55040.03125
2026-06-05 11:27:03,331: Step 20, Train PSNR 28.321138381958008
2026-06-05 11:27:03,772: Jac Loss 57320.38671875
2026-06-05 11:27:07,004: Jac Loss 51241.0625
2026-06-05 11:27:10,434: Step 30, Train PSNR 28.43898448944092
2026-06-05 11:27:10,870: Jac Loss 59433.21875
2026-06-05 11:27:14,090: Jac Loss 45664.359375
2026-06-05 11:27:16,950: Step 40, Train PSNR 28.290989351272582
2026-06-05 11:27:17,382: Jac Loss 44903.328125
2026-06-05 11:27:20,267: [Epoch 38] Train Loss: 2.91E+01, PSNR: 28.29
2026-06-05 11:27:20,790: Jac Loss 44080.93359375
2026-06-05 11:27:23,929: Jac Loss 45208.5859375
2026-06-05 11:27:26,616: Step 10, Train PSNR 28.23455982208252
2026-06-05 11:27:27,344: Jac Loss 45544.3046875
2026-06-05 11:27:30,512: Jac Loss 47966.578125
2026-06-05 11:27:33,334: Step 20, Train PSNR 28.00937843322754
2026-06-05 11:27:33,830: Jac Loss 51731.61328125
2026-06-05 11:27:36,977: Jac Loss 42661.671875
2026-06-05 11:27:39,659: Step 30, Train PSNR 27.94767951965332
2026-06-05 11:27:40,237: Jac Loss 35205.17578125
2026-06-05 11:27:43,364: Jac Loss 57484.5390625
2026-06-05 11:27:46,046: Step 40, Train PSNR 28.05764479637146
2026-06-05 11:27:46,451: Jac Loss 49573.1953125
2026-06-05 11:27:50,741: [Epoch 39] Train Loss: 2.98E+01, PSNR: 28.06
2026-06-05 11:27:51,279: Jac Loss 43276.83984375
2026-06-05 11:27:54,592: Jac Loss 44065.7890625
2026-06-05 11:27:57,306: Step 10, Train PSNR 28.279111671447755
2026-06-05 11:27:57,700: Jac Loss 43611.1640625
2026-06-05 11:28:00,717: Jac Loss 48032.859375
2026-06-05 11:28:03,463: Step 20, Train PSNR 28.084096717834473
2026-06-05 11:28:03,875: Jac Loss 52402.05078125
2026-06-05 11:28:07,120: Jac Loss 46084.140625
2026-06-05 11:28:10,080: Step 30, Train PSNR 28.092385292053223
2026-06-05 11:28:10,500: Jac Loss 44012.9140625
2026-06-05 11:28:13,910: Jac Loss 39348.78125
2026-06-05 11:28:16,625: Step 40, Train PSNR 28.10073881149292
2026-06-05 11:28:16,994: Jac Loss 39518.5
2026-06-05 11:28:19,871: [Epoch 40] Train Loss: 3.02E+01, PSNR: 28.06
2026-06-05 11:28:32,737: [Epoch 40] Val Loss: 1.82E+02, PSNR: 27.98
2026-06-05 11:28:33,312: Jac Loss 59200.2578125
2026-06-05 11:28:36,679: Jac Loss 45892.06640625
2026-06-05 11:28:39,500: Step 10, Train PSNR 28.270802307128907
2026-06-05 11:28:40,008: Jac Loss 50020.0
2026-06-05 11:28:42,965: Jac Loss 46553.0859375
2026-06-05 11:28:45,912: Step 20, Train PSNR 27.901367473602296
2026-06-05 11:28:46,315: Jac Loss 41547.31640625
2026-06-05 11:28:49,457: Jac Loss 51155.27734375
2026-06-05 11:28:52,806: Step 30, Train PSNR 28.146743965148925
2026-06-05 11:28:53,240: Jac Loss 55878.50390625
2026-06-05 11:28:56,366: Jac Loss 47800.75
2026-06-05 11:28:59,021: Step 40, Train PSNR 28.18337826728821
2026-06-05 11:28:59,429: Jac Loss 46012.96875
2026-06-05 11:29:02,361: [Epoch 41] Train Loss: 2.98E+01, PSNR: 28.13
2026-06-05 11:29:02,918: Jac Loss 52555.05859375
2026-06-05 11:29:05,946: Jac Loss 51561.15234375
2026-06-05 11:29:08,685: Step 10, Train PSNR 27.723960304260252
2026-06-05 11:29:09,087: Jac Loss 56759.86328125
2026-06-05 11:29:12,631: Jac Loss 59623.0859375
2026-06-05 11:29:15,278: Step 20, Train PSNR 27.98070373535156
2026-06-05 11:29:15,705: Jac Loss 50037.5390625
2026-06-05 11:29:18,968: Jac Loss 49260.08203125
2026-06-05 11:29:22,175: Step 30, Train PSNR 28.141003036499022
2026-06-05 11:29:22,643: Jac Loss 54471.7109375
2026-06-05 11:29:25,742: Jac Loss 47172.203125
2026-06-05 11:29:28,356: Step 40, Train PSNR 28.02157344818115
2026-06-05 11:29:28,736: Jac Loss 53649.2734375
2026-06-05 11:29:31,464: [Epoch 42] Train Loss: 2.99E+01, PSNR: 28.04
2026-06-05 11:29:31,991: Jac Loss 58207.54296875
2026-06-05 11:29:35,598: Jac Loss 52382.59375
2026-06-05 11:29:38,222: Step 10, Train PSNR 27.972580909729004
2026-06-05 11:29:38,635: Jac Loss 42590.359375
2026-06-05 11:29:41,816: Jac Loss 41340.43359375
2026-06-05 11:29:44,432: Step 20, Train PSNR 28.07085828781128
2026-06-05 11:29:44,857: Jac Loss 52963.0625
2026-06-05 11:29:48,173: Jac Loss 50949.46875
2026-06-05 11:29:50,941: Step 30, Train PSNR 28.202199363708495
2026-06-05 11:29:51,359: Jac Loss 53616.73046875
2026-06-05 11:29:54,625: Jac Loss 51757.15625
2026-06-05 11:29:57,428: Step 40, Train PSNR 28.240748977661134
2026-06-05 11:29:57,828: Jac Loss 50337.9296875
2026-06-05 11:30:00,783: [Epoch 43] Train Loss: 2.91E+01, PSNR: 28.19
2026-06-05 11:30:01,315: Jac Loss 56208.95703125
2026-06-05 11:30:04,374: Jac Loss 43892.28515625
2026-06-05 11:30:07,282: Step 10, Train PSNR 28.113313484191895
2026-06-05 11:30:07,767: Jac Loss 61196.640625
2026-06-05 11:30:10,903: Jac Loss 55306.8984375
2026-06-05 11:30:13,641: Step 20, Train PSNR 28.32611150741577
2026-06-05 11:30:14,075: Jac Loss 60297.71484375
2026-06-05 11:30:17,140: Jac Loss 51505.359375
2026-06-05 11:30:19,848: Step 30, Train PSNR 28.18060448964437
2026-06-05 11:30:20,209: Jac Loss 34259.078125
2026-06-05 11:30:23,299: Jac Loss 53024.4453125
2026-06-05 11:30:26,249: Step 40, Train PSNR 28.281179332733153
2026-06-05 11:30:26,677: Jac Loss 48391.546875
2026-06-05 11:30:29,433: [Epoch 44] Train Loss: 2.87E+01, PSNR: 28.30
2026-06-05 11:30:29,967: Jac Loss 51114.921875
2026-06-05 11:30:33,363: Jac Loss 47457.3046875
2026-06-05 11:30:36,296: Step 10, Train PSNR 27.65216236114502
2026-06-05 11:30:36,711: Jac Loss 57095.1875
2026-06-05 11:30:40,002: Jac Loss 46340.4765625
2026-06-05 11:30:43,194: Step 20, Train PSNR 27.98634042739868
2026-06-05 11:30:43,712: Jac Loss 48846.88671875
2026-06-05 11:30:46,915: Jac Loss 49927.171875
2026-06-05 11:30:49,581: Step 30, Train PSNR 27.95290298461914
2026-06-05 11:30:50,015: Jac Loss 42972.984375
2026-06-05 11:30:53,201: Jac Loss 49029.921875
2026-06-05 11:30:55,933: Step 40, Train PSNR 27.967119264602662
2026-06-05 11:30:56,352: Jac Loss 50714.5234375
2026-06-05 11:30:59,003: [Epoch 45] Train Loss: 3.07E+01, PSNR: 27.97
2026-06-05 11:30:59,551: Jac Loss 49469.1953125
2026-06-05 11:31:02,686: Jac Loss 52621.46875
2026-06-05 11:31:05,634: Step 10, Train PSNR 28.52327766418457
2026-06-05 11:31:06,036: Jac Loss 50578.41796875
2026-06-05 11:31:09,177: Jac Loss 49100.81640625
2026-06-05 11:31:11,896: Step 20, Train PSNR 28.306412124633788
2026-06-05 11:31:12,371: Jac Loss 47039.4765625
2026-06-05 11:31:15,499: Jac Loss 46771.7421875
2026-06-05 11:31:18,211: Step 30, Train PSNR 28.2391570409139
2026-06-05 11:31:18,636: Jac Loss 50239.390625
2026-06-05 11:31:21,760: Jac Loss 39440.6953125
2026-06-05 11:31:24,514: Step 40, Train PSNR 28.083939933776854
2026-06-05 11:31:24,909: Jac Loss 42591.45703125
2026-06-05 11:31:27,894: [Epoch 46] Train Loss: 3.01E+01, PSNR: 28.05
2026-06-05 11:31:28,449: Jac Loss 48868.76171875
2026-06-05 11:31:31,588: Jac Loss 45404.4609375
2026-06-05 11:31:34,242: Step 10, Train PSNR 28.328843688964845
2026-06-05 11:31:34,675: Jac Loss 48696.59375
2026-06-05 11:31:37,801: Jac Loss 49927.3828125
2026-06-05 11:31:40,412: Step 20, Train PSNR 28.054155158996583
2026-06-05 11:31:40,814: Jac Loss 43191.96484375
2026-06-05 11:31:43,913: Jac Loss 52121.9765625
2026-06-05 11:31:46,584: Step 30, Train PSNR 28.039518292744955
2026-06-05 11:31:46,985: Jac Loss 44701.8984375
2026-06-05 11:31:50,128: Jac Loss 47663.03515625
2026-06-05 11:31:52,881: Step 40, Train PSNR 28.038130712509155
2026-06-05 11:31:53,308: Jac Loss 47198.75
2026-06-05 11:31:56,055: [Epoch 47] Train Loss: 3.01E+01, PSNR: 28.04
2026-06-05 11:31:56,571: Jac Loss 48001.9921875
2026-06-05 11:32:00,022: Jac Loss 62739.2578125
2026-06-05 11:32:02,799: Step 10, Train PSNR 28.453601264953612
2026-06-05 11:32:03,213: Jac Loss 48744.0625
2026-06-05 11:32:06,306: Jac Loss 38704.046875
2026-06-05 11:32:09,449: Step 20, Train PSNR 28.054881000518797
2026-06-05 11:32:10,080: Jac Loss 39261.734375
2026-06-05 11:32:13,329: Jac Loss 55027.140625
2026-06-05 11:32:15,981: Step 30, Train PSNR 28.03369483947754
2026-06-05 11:32:16,409: Jac Loss 53291.859375
2026-06-05 11:32:19,476: Jac Loss 44143.33984375
2026-06-05 11:32:22,314: Step 40, Train PSNR 28.09649157524109
2026-06-05 11:32:22,742: Jac Loss 57507.84765625
2026-06-05 11:32:25,645: [Epoch 48] Train Loss: 2.97E+01, PSNR: 28.06
2026-06-05 11:32:26,560: Jac Loss 47944.15625
2026-06-05 11:32:29,811: Jac Loss 60105.90625
2026-06-05 11:32:32,516: Step 10, Train PSNR 28.39428367614746
2026-06-05 11:32:32,914: Jac Loss 57226.45703125
2026-06-05 11:32:36,272: Jac Loss 49042.984375
2026-06-05 11:32:39,024: Step 20, Train PSNR 28.23265209197998
2026-06-05 11:32:39,450: Jac Loss 48252.8359375
2026-06-05 11:32:42,553: Jac Loss 51415.9375
2026-06-05 11:32:45,237: Step 30, Train PSNR 28.186706479390462
2026-06-05 11:32:45,668: Jac Loss 49918.6328125
2026-06-05 11:32:48,789: Jac Loss 39393.21875
2026-06-05 11:32:51,417: Step 40, Train PSNR 28.073295307159423
2026-06-05 11:32:51,819: Jac Loss 44243.546875
2026-06-05 11:32:54,642: [Epoch 49] Train Loss: 2.94E+01, PSNR: 28.11
2026-06-05 11:32:55,154: Jac Loss 38844.44140625
2026-06-05 11:32:58,293: Jac Loss 43838.0390625
2026-06-05 11:33:01,020: Step 10, Train PSNR 28.146758460998534
2026-06-05 11:33:01,429: Jac Loss 43836.6171875
2026-06-05 11:33:04,551: Jac Loss 51157.546875
2026-06-05 11:33:07,341: Step 20, Train PSNR 28.17876501083374
2026-06-05 11:33:07,834: Jac Loss 59596.765625
2026-06-05 11:33:11,260: Jac Loss 45562.875
2026-06-05 11:33:14,034: Step 30, Train PSNR 28.108822377522788
2026-06-05 11:33:14,440: Jac Loss 47647.3671875
2026-06-05 11:33:17,563: Jac Loss 42628.921875
2026-06-05 11:33:20,203: Step 40, Train PSNR 28.156310319900513
2026-06-05 11:33:20,618: Jac Loss 39974.9921875
2026-06-05 11:33:23,336: [Epoch 50] Train Loss: 2.98E+01, PSNR: 28.13
2026-06-05 11:33:23,847: Jac Loss 47142.25390625
2026-06-05 11:33:26,953: Jac Loss 46354.578125
2026-06-05 11:33:29,561: Step 10, Train PSNR 27.97036781311035
2026-06-05 11:33:29,938: Jac Loss 35389.13671875
2026-06-05 11:33:32,971: Jac Loss 39767.77734375
2026-06-05 11:33:35,807: Step 20, Train PSNR 27.6691782951355
2026-06-05 11:33:36,211: Jac Loss 40502.50390625
2026-06-05 11:33:39,202: Jac Loss 43970.46875
2026-06-05 11:33:41,921: Step 30, Train PSNR 27.883787282307942
2026-06-05 11:33:42,305: Jac Loss 53291.53125
2026-06-05 11:33:45,571: Jac Loss 64823.5078125
2026-06-05 11:33:48,227: Step 40, Train PSNR 27.944131994247435
2026-06-05 11:33:48,630: Jac Loss 45478.421875
2026-06-05 11:33:51,352: [Epoch 51] Train Loss: 3.09E+01, PSNR: 27.93
2026-06-05 11:33:51,912: Jac Loss 54356.74609375
2026-06-05 11:33:55,052: Jac Loss 51851.203125
2026-06-05 11:33:57,804: Step 10, Train PSNR 28.487792778015137
2026-06-05 11:33:58,247: Jac Loss 55620.125
2026-06-05 11:34:01,499: Jac Loss 57446.2109375
2026-06-05 11:34:04,218: Step 20, Train PSNR 28.388162231445314
2026-06-05 11:34:04,620: Jac Loss 38266.82421875
2026-06-05 11:34:07,837: Jac Loss 52140.4453125
2026-06-05 11:34:10,514: Step 30, Train PSNR 28.290881729125978
2026-06-05 11:34:10,932: Jac Loss 49276.6171875
2026-06-05 11:34:14,027: Jac Loss 49931.30078125
2026-06-05 11:34:16,617: Step 40, Train PSNR 28.19306011199951
2026-06-05 11:34:16,990: Jac Loss 42482.4765625
2026-06-05 11:34:19,688: [Epoch 52] Train Loss: 3.00E+01, PSNR: 28.12
2026-06-05 11:34:20,215: Jac Loss 56320.984375
2026-06-05 11:34:23,581: Jac Loss 53590.75
2026-06-05 11:34:26,245: Step 10, Train PSNR 28.464358520507812
2026-06-05 11:34:26,650: Jac Loss 58036.2890625
2026-06-05 11:34:29,857: Jac Loss 52472.9453125
2026-06-05 11:34:32,656: Step 20, Train PSNR 28.368747997283936
2026-06-05 11:34:33,059: Jac Loss 44051.375
2026-06-05 11:34:36,135: Jac Loss 47978.1328125
2026-06-05 11:34:38,821: Step 30, Train PSNR 28.28498503367106
2026-06-05 11:34:39,196: Jac Loss 48537.2734375
2026-06-05 11:34:42,415: Jac Loss 42758.38671875
2026-06-05 11:34:45,032: Step 40, Train PSNR 28.115425777435302
2026-06-05 11:34:45,411: Jac Loss 40304.7578125
2026-06-05 11:34:48,124: [Epoch 53] Train Loss: 3.01E+01, PSNR: 28.09
2026-06-05 11:34:48,629: Jac Loss 51620.4921875
2026-06-05 11:34:51,645: Jac Loss 43733.765625
2026-06-05 11:34:54,329: Step 10, Train PSNR 27.859610176086427
2026-06-05 11:34:54,750: Jac Loss 56270.640625
2026-06-05 11:34:58,087: Jac Loss 54618.8359375
2026-06-05 11:35:00,788: Step 20, Train PSNR 28.265969371795656
2026-06-05 11:35:01,181: Jac Loss 51196.1171875
2026-06-05 11:35:04,292: Jac Loss 63172.7578125
2026-06-05 11:35:07,046: Step 30, Train PSNR 28.274328867594402
2026-06-05 11:35:07,446: Jac Loss 45025.34375
2026-06-05 11:35:10,487: Jac Loss 47403.96875
2026-06-05 11:35:13,221: Step 40, Train PSNR 28.246070051193236
2026-06-05 11:35:13,706: Jac Loss 48723.6875
2026-06-05 11:35:16,453: [Epoch 54] Train Loss: 2.92E+01, PSNR: 28.24
2026-06-05 11:35:16,959: Jac Loss 37675.40625
2026-06-05 11:35:20,025: Jac Loss 54852.0234375
2026-06-05 11:35:22,750: Step 10, Train PSNR 28.03064556121826
2026-06-05 11:35:23,173: Jac Loss 59487.609375
2026-06-05 11:35:26,254: Jac Loss 42595.2578125
2026-06-05 11:35:28,903: Step 20, Train PSNR 27.975405406951904
2026-06-05 11:35:29,325: Jac Loss 44875.6328125
2026-06-05 11:35:32,389: Jac Loss 40510.9609375
2026-06-05 11:35:35,236: Step 30, Train PSNR 28.01562302907308
2026-06-05 11:35:35,657: Jac Loss 43730.484375
2026-06-05 11:35:38,640: Jac Loss 43377.22265625
2026-06-05 11:35:41,272: Step 40, Train PSNR 27.983426666259767
2026-06-05 11:35:41,630: Jac Loss 48584.20703125
2026-06-05 11:35:44,467: [Epoch 55] Train Loss: 2.99E+01, PSNR: 28.07
2026-06-05 11:35:45,146: Jac Loss 46177.14453125
2026-06-05 11:35:48,520: Jac Loss 53110.0
2026-06-05 11:35:51,445: Step 10, Train PSNR 28.12532768249512
2026-06-05 11:35:51,883: Jac Loss 42804.6796875
2026-06-05 11:35:55,034: Jac Loss 43492.9921875
2026-06-05 11:35:57,778: Step 20, Train PSNR 28.05935697555542
2026-06-05 11:35:58,212: Jac Loss 51194.98828125
2026-06-05 11:36:01,326: Jac Loss 51069.28515625
2026-06-05 11:36:03,949: Step 30, Train PSNR 27.991543896993
2026-06-05 11:36:04,388: Jac Loss 44245.390625
2026-06-05 11:36:07,421: Jac Loss 46002.9296875
2026-06-05 11:36:10,183: Step 40, Train PSNR 28.086763191223145
2026-06-05 11:36:10,592: Jac Loss 44843.62109375
2026-06-05 11:36:13,350: [Epoch 56] Train Loss: 3.00E+01, PSNR: 28.08
2026-06-05 11:36:13,890: Jac Loss 46437.0
2026-06-05 11:36:17,041: Jac Loss 49828.73828125
2026-06-05 11:36:19,627: Step 10, Train PSNR 27.88568000793457
2026-06-05 11:36:20,004: Jac Loss 47591.69921875
2026-06-05 11:36:23,174: Jac Loss 52410.1484375
2026-06-05 11:36:25,909: Step 20, Train PSNR 28.020465183258057
2026-06-05 11:36:26,354: Jac Loss 58278.04296875
2026-06-05 11:36:29,607: Jac Loss 52630.66015625
2026-06-05 11:36:32,312: Step 30, Train PSNR 28.180007934570312
2026-06-05 11:36:32,743: Jac Loss 53961.91015625
2026-06-05 11:36:35,846: Jac Loss 46926.86328125
2026-06-05 11:36:38,541: Step 40, Train PSNR 28.0632426738739
2026-06-05 11:36:38,956: Jac Loss 50236.6484375
2026-06-05 11:36:41,646: [Epoch 57] Train Loss: 3.01E+01, PSNR: 28.03
2026-06-05 11:36:42,168: Jac Loss 41086.4609375
2026-06-05 11:36:45,253: Jac Loss 47300.5859375
2026-06-05 11:36:47,974: Step 10, Train PSNR 27.914053916931152
2026-06-05 11:36:48,364: Jac Loss 49553.7890625
2026-06-05 11:36:51,538: Jac Loss 48535.421875
2026-06-05 11:36:55,114: Step 20, Train PSNR 27.918261814117432
2026-06-05 11:36:55,764: Jac Loss 46223.65234375
2026-06-05 11:37:00,949: Jac Loss 45429.87890625
2026-06-05 11:37:04,971: Step 30, Train PSNR 27.920191446940105
2026-06-05 11:37:05,641: Jac Loss 42077.25
2026-06-05 11:37:10,246: Jac Loss 48003.9921875
2026-06-05 11:37:14,332: Step 40, Train PSNR 27.888272857666017
2026-06-05 11:37:15,007: Jac Loss 54980.95703125
2026-06-05 11:37:19,008: [Epoch 58] Train Loss: 3.07E+01, PSNR: 27.94
2026-06-05 11:37:19,716: Jac Loss 51420.30859375
2026-06-05 11:37:24,577: Jac Loss 66704.7421875
2026-06-05 11:37:28,831: Step 10, Train PSNR 28.34348831176758
2026-06-05 11:37:29,497: Jac Loss 44065.65234375
2026-06-05 11:37:34,195: Jac Loss 45639.2109375
2026-06-05 11:37:37,062: Step 20, Train PSNR 28.198802089691164
2026-06-05 11:37:37,526: Jac Loss 58650.4921875
2026-06-05 11:37:40,744: Jac Loss 43404.4921875
2026-06-05 11:37:43,487: Step 30, Train PSNR 28.33338108062744
2026-06-05 11:37:43,882: Jac Loss 47870.1015625
2026-06-05 11:37:47,070: Jac Loss 44448.703125
2026-06-05 11:37:50,770: Step 40, Train PSNR 28.34972414970398
2026-06-05 11:37:51,412: Jac Loss 53922.5
2026-06-05 11:37:55,664: [Epoch 59] Train Loss: 2.86E+01, PSNR: 28.34
2026-06-05 11:37:56,378: Jac Loss 49471.296875
2026-06-05 11:38:01,335: Jac Loss 50008.21875
2026-06-05 11:38:05,340: Step 10, Train PSNR 27.952874183654785
2026-06-05 11:38:05,741: Jac Loss 49904.65625
2026-06-05 11:38:08,926: Jac Loss 60699.65625
2026-06-05 11:38:11,732: Step 20, Train PSNR 28.278874015808107
2026-06-05 11:38:12,147: Jac Loss 49300.11328125
2026-06-05 11:38:15,938: Jac Loss 48340.71875
2026-06-05 11:38:20,071: Step 30, Train PSNR 28.138543955485027
2026-06-05 11:38:20,906: Jac Loss 52203.5546875
2026-06-05 11:38:25,537: Jac Loss 61054.1484375
2026-06-05 11:38:29,591: Step 40, Train PSNR 28.185311365127564
2026-06-05 11:38:30,240: Jac Loss 50269.8125
2026-06-05 11:38:34,434: [Epoch 60] Train Loss: 2.91E+01, PSNR: 28.20
2026-06-05 11:38:52,849: [Epoch 60] Val Loss: 1.82E+02, PSNR: 28.00
2026-06-05 11:38:53,850: Jac Loss 42457.1484375
2026-06-05 11:38:58,627: Jac Loss 53779.8203125
2026-06-05 11:39:02,733: Step 10, Train PSNR 28.083866119384766
2026-06-05 11:39:03,355: Jac Loss 60541.265625
2026-06-05 11:39:08,218: Jac Loss 56773.9375
2026-06-05 11:39:12,285: Step 20, Train PSNR 28.17870101928711
2026-06-05 11:39:12,912: Jac Loss 68742.28125
2026-06-05 11:39:17,597: Jac Loss 51984.6640625
2026-06-05 11:39:21,765: Step 30, Train PSNR 28.15884494781494
2026-06-05 11:39:22,454: Jac Loss 51175.125
2026-06-05 11:39:26,391: Jac Loss 57617.390625
2026-06-05 11:39:29,096: Step 40, Train PSNR 28.090764474868774
2026-06-05 11:39:29,493: Jac Loss 43480.9453125
2026-06-05 11:39:32,192: [Epoch 61] Train Loss: 2.99E+01, PSNR: 28.07
2026-06-05 11:39:32,759: Jac Loss 48431.015625
2026-06-05 11:39:35,911: Jac Loss 48342.1796875
2026-06-05 11:39:39,239: Step 10, Train PSNR 28.27099475860596
2026-06-05 11:39:39,836: Jac Loss 50457.89453125
2026-06-05 11:39:44,740: Jac Loss 44152.46875
2026-06-05 11:39:48,769: Step 20, Train PSNR 28.088943481445312
2026-06-05 11:39:49,503: Jac Loss 50675.08984375
2026-06-05 11:39:54,390: Jac Loss 54835.03515625
2026-06-05 11:39:58,635: Step 30, Train PSNR 28.267962328592937
2026-06-05 11:39:59,298: Jac Loss 52159.7578125
2026-06-05 11:40:04,064: Jac Loss 48474.26171875
2026-06-05 11:40:07,800: Step 40, Train PSNR 28.142694854736327
2026-06-05 11:40:08,222: Jac Loss 50971.09375
2026-06-05 11:40:10,862: [Epoch 62] Train Loss: 3.01E+01, PSNR: 28.05
2026-06-05 11:40:11,376: Jac Loss 46205.71875
2026-06-05 11:40:14,479: Jac Loss 38491.1875
2026-06-05 11:40:17,054: Step 10, Train PSNR 27.78913745880127
2026-06-05 11:40:17,490: Jac Loss 45860.05859375
2026-06-05 11:40:21,601: Jac Loss 49005.94921875
2026-06-05 11:40:25,725: Step 20, Train PSNR 27.85152463912964
2026-06-05 11:40:26,340: Jac Loss 50206.890625
2026-06-05 11:40:31,295: Jac Loss 65745.578125
2026-06-05 11:40:35,270: Step 30, Train PSNR 28.023585891723634
2026-06-05 11:40:35,951: Jac Loss 55675.9140625
2026-06-05 11:40:40,395: Jac Loss 44401.08203125
2026-06-05 11:40:43,124: Step 40, Train PSNR 28.032119464874267
2026-06-05 11:40:43,521: Jac Loss 55733.421875
2026-06-05 11:40:46,273: [Epoch 63] Train Loss: 2.96E+01, PSNR: 28.08
2026-06-05 11:40:46,835: Jac Loss 51875.1484375
2026-06-05 11:40:50,510: Jac Loss 53599.8984375
2026-06-05 11:40:54,571: Step 10, Train PSNR 28.272528648376465
2026-06-05 11:40:55,151: Jac Loss 51205.58984375
2026-06-05 11:40:58,529: Jac Loss 54287.54296875
2026-06-05 11:41:01,339: Step 20, Train PSNR 28.289120388031005
2026-06-05 11:41:01,761: Jac Loss 54848.58203125
2026-06-05 11:41:04,891: Jac Loss 40824.75
2026-06-05 11:41:07,605: Step 30, Train PSNR 28.03329760233561
2026-06-05 11:41:08,040: Jac Loss 51440.125
2026-06-05 11:41:11,446: Jac Loss 52124.078125
2026-06-05 11:41:15,438: Step 40, Train PSNR 28.142047452926636
2026-06-05 11:41:16,086: Jac Loss 53126.3359375
2026-06-05 11:41:20,377: [Epoch 64] Train Loss: 2.92E+01, PSNR: 28.17
2026-06-05 11:41:21,171: Jac Loss 56854.87890625
2026-06-05 11:41:26,016: Jac Loss 60458.76953125
2026-06-05 11:41:30,250: Step 10, Train PSNR 28.10467395782471
2026-06-05 11:41:30,865: Jac Loss 45731.03125
2026-06-05 11:41:35,658: Jac Loss 45610.53125
2026-06-05 11:41:40,035: Step 20, Train PSNR 28.16681318283081
2026-06-05 11:41:40,761: Jac Loss 56352.8125
2026-06-05 11:41:45,471: Jac Loss 41849.96875
2026-06-05 11:41:49,767: Step 30, Train PSNR 28.080895805358885
2026-06-05 11:41:50,291: Jac Loss 49423.3046875
2026-06-05 11:41:54,834: Jac Loss 40828.9609375
2026-06-05 11:41:58,986: Step 40, Train PSNR 28.081458473205565
2026-06-05 11:41:59,603: Jac Loss 50010.09375
2026-06-05 11:42:03,707: [Epoch 65] Train Loss: 3.03E+01, PSNR: 28.04
2026-06-05 11:42:04,435: Jac Loss 48035.390625
2026-06-05 11:42:09,136: Jac Loss 50974.578125
2026-06-05 11:42:13,231: Step 10, Train PSNR 28.38129711151123
2026-06-05 11:42:13,847: Jac Loss 48499.9140625
2026-06-05 11:42:18,546: Jac Loss 46030.33203125
2026-06-05 11:42:22,672: Step 20, Train PSNR 28.143660640716554
2026-06-05 11:42:23,313: Jac Loss 46735.24609375
2026-06-05 11:42:28,072: Jac Loss 50733.5625
2026-06-05 11:42:32,116: Step 30, Train PSNR 28.03747100830078
2026-06-05 11:42:32,801: Jac Loss 52422.3515625
2026-06-05 11:42:37,579: Jac Loss 63632.640625
2026-06-05 11:42:41,700: Step 40, Train PSNR 28.110948371887208
2026-06-05 11:42:42,363: Jac Loss 50401.33984375
2026-06-05 11:42:46,434: [Epoch 66] Train Loss: 3.01E+01, PSNR: 28.07
2026-06-05 11:42:47,192: Jac Loss 50135.296875
2026-06-05 11:42:51,754: Jac Loss 52231.69140625
2026-06-05 11:42:55,864: Step 10, Train PSNR 28.2340970993042
2026-06-05 11:42:56,476: Jac Loss 39018.1171875
2026-06-05 11:43:01,249: Jac Loss 44953.8515625
2026-06-05 11:43:05,409: Step 20, Train PSNR 28.00186958312988
2026-06-05 11:43:06,062: Jac Loss 47126.4140625
2026-06-05 11:43:10,956: Jac Loss 47921.46875
2026-06-05 11:43:15,077: Step 30, Train PSNR 28.141178194681803
2026-06-05 11:43:15,721: Jac Loss 45352.6484375
2026-06-05 11:43:20,378: Jac Loss 45072.1953125
2026-06-05 11:43:24,334: Step 40, Train PSNR 28.068916368484498
2026-06-05 11:43:24,916: Jac Loss 50884.6875
2026-06-05 11:43:28,763: [Epoch 67] Train Loss: 3.05E+01, PSNR: 28.09
2026-06-05 11:43:29,994: Jac Loss 55245.140625
2026-06-05 11:43:34,202: Jac Loss 49598.828125
2026-06-05 11:43:37,729: Step 10, Train PSNR 27.889611434936523
2026-06-05 11:43:38,339: Jac Loss 60114.171875
2026-06-05 11:43:42,696: Jac Loss 54059.5546875
2026-06-05 11:43:46,364: Step 20, Train PSNR 28.048735332489013
2026-06-05 11:43:47,246: Jac Loss 47985.125
2026-06-05 11:43:51,642: Jac Loss 52430.765625
2026-06-05 11:43:54,696: Step 30, Train PSNR 27.961830838521323
2026-06-05 11:43:55,207: Jac Loss 47238.5703125
2026-06-05 11:43:58,826: Jac Loss 50986.41796875
2026-06-05 11:44:01,795: Step 40, Train PSNR 27.972029399871825
2026-06-05 11:44:02,366: Jac Loss 46136.6171875
2026-06-05 11:44:05,750: [Epoch 68] Train Loss: 2.97E+01, PSNR: 28.07
2026-06-05 11:44:19,677: Jac Loss 56802.51953125
2026-06-05 11:44:24,747: Jac Loss 53024.44921875
2026-06-05 11:44:28,298: Step 10, Train PSNR 28.086350440979004
2026-06-05 11:44:28,951: Jac Loss 49220.91015625
2026-06-05 11:44:33,433: Jac Loss 47809.9609375
2026-06-05 11:44:49,298: Step 20, Train PSNR 27.876610946655273
2026-06-05 11:44:49,751: Jac Loss 59506.2109375
2026-06-05 11:44:53,078: Jac Loss 52440.7890625
2026-06-05 11:44:55,846: Step 30, Train PSNR 27.958281326293946
2026-06-05 11:44:56,251: Jac Loss 56290.3359375
2026-06-05 11:45:00,476: Jac Loss 45491.59765625
2026-06-05 11:45:03,616: Step 40, Train PSNR 27.960670042037965
2026-06-05 11:45:04,374: Jac Loss 46472.62890625
2026-06-05 11:45:07,947: [Epoch 69] Train Loss: 3.05E+01, PSNR: 28.00
2026-06-05 11:45:10,615: Jac Loss 50867.48046875
2026-06-05 11:45:15,708: Jac Loss 49084.6796875
2026-06-05 11:45:19,149: Step 10, Train PSNR 27.9466760635376
2026-06-05 11:45:19,762: Jac Loss 49704.8515625
2026-06-05 11:45:23,262: Jac Loss 46092.9375
2026-06-05 11:45:26,151: Step 20, Train PSNR 27.786872768402098
2026-06-05 11:45:26,589: Jac Loss 51042.95703125
2026-06-05 11:45:29,825: Jac Loss 44581.8828125
2026-06-05 11:45:32,952: Step 30, Train PSNR 27.909392484029134
2026-06-05 11:45:33,338: Jac Loss 49688.8671875
2026-06-05 11:45:36,592: Jac Loss 50665.6171875
2026-06-05 11:45:39,581: Step 40, Train PSNR 28.018746185302735
2026-06-05 11:45:40,025: Jac Loss 54978.421875
2026-06-05 11:45:42,745: [Epoch 70] Train Loss: 3.05E+01, PSNR: 28.04
2026-06-05 11:45:43,562: Jac Loss 46169.140625
2026-06-05 11:45:47,219: Jac Loss 62827.8828125
2026-06-05 11:45:50,073: Step 10, Train PSNR 28.455808448791505
2026-06-05 11:45:50,607: Jac Loss 48134.5234375
2026-06-05 11:45:53,767: Jac Loss 45669.90625
2026-06-05 11:45:56,552: Step 20, Train PSNR 28.159031200408936
2026-06-05 11:45:56,966: Jac Loss 37388.9140625
2026-06-05 11:46:00,064: Jac Loss 54267.21484375
2026-06-05 11:46:02,787: Step 30, Train PSNR 28.251634089152017
2026-06-05 11:46:03,472: Jac Loss 59886.25390625
2026-06-05 11:46:07,042: Jac Loss 62707.140625
2026-06-05 11:46:10,229: Step 40, Train PSNR 28.190466451644898
2026-06-05 11:46:10,630: Jac Loss 66341.5078125
2026-06-05 11:46:13,809: [Epoch 71] Train Loss: 2.90E+01, PSNR: 28.24
2026-06-05 11:46:14,402: Jac Loss 56995.703125
2026-06-05 11:46:17,461: Jac Loss 44205.40625
2026-06-05 11:46:20,744: Step 10, Train PSNR 28.0049186706543
2026-06-05 11:46:21,127: Jac Loss 42894.671875
2026-06-05 11:46:24,201: Jac Loss 45825.2109375
2026-06-05 11:46:27,178: Step 20, Train PSNR 28.20622901916504
2026-06-05 11:46:27,627: Jac Loss 48488.3125
2026-06-05 11:46:31,528: Jac Loss 47084.90234375
2026-06-05 11:46:35,454: Step 30, Train PSNR 28.175289980570476
2026-06-05 11:46:36,023: Jac Loss 55845.99609375
2026-06-05 11:46:41,606: Jac Loss 43754.9296875
2026-06-05 11:46:44,331: Step 40, Train PSNR 28.132443332672118
2026-06-05 11:46:45,058: Jac Loss 45365.87890625
2026-06-05 11:46:48,576: [Epoch 72] Train Loss: 3.00E+01, PSNR: 28.12
2026-06-05 11:46:49,632: Jac Loss 41727.6640625
2026-06-05 11:46:53,012: Jac Loss 41194.890625
2026-06-05 11:46:55,940: Step 10, Train PSNR 27.8802921295166
2026-06-05 11:46:56,362: Jac Loss 51879.1640625
2026-06-05 11:46:59,583: Jac Loss 49504.640625
2026-06-05 11:47:02,350: Step 20, Train PSNR 27.994112300872803
2026-06-05 11:47:02,791: Jac Loss 46784.4375
2026-06-05 11:47:06,566: Jac Loss 39617.1875
2026-06-05 11:47:09,996: Step 30, Train PSNR 28.028957494099934
2026-06-05 11:47:10,478: Jac Loss 54267.8671875
2026-06-05 11:47:14,238: Jac Loss 42107.2890625
2026-06-05 11:47:17,674: Step 40, Train PSNR 28.08184447288513
2026-06-05 11:47:18,471: Jac Loss 42083.5546875
2026-06-05 11:47:25,869: [Epoch 73] Train Loss: 3.02E+01, PSNR: 28.05
2026-06-05 11:49:14,816: Jac Loss 57540.47265625
2026-06-05 11:49:18,151: Jac Loss 44732.5234375
2026-06-05 11:49:21,368: Step 10, Train PSNR 28.48576068878174
2026-06-05 11:49:21,808: Jac Loss 55491.90625
2026-06-05 11:49:25,788: Jac Loss 49265.1484375
2026-06-05 11:49:28,549: Step 20, Train PSNR 28.25942611694336
2026-06-05 11:49:28,968: Jac Loss 47183.41796875
2026-06-05 11:49:32,492: Jac Loss 47007.6953125
2026-06-05 11:49:35,285: Step 30, Train PSNR 28.13770974477132
2026-06-05 11:49:35,704: Jac Loss 45721.2734375
2026-06-05 11:49:39,615: Jac Loss 47402.4765625
2026-06-05 11:49:42,533: Step 40, Train PSNR 28.20364990234375
2026-06-05 11:49:43,134: Jac Loss 44418.5390625
2026-06-05 11:49:46,341: [Epoch 74] Train Loss: 2.96E+01, PSNR: 28.15
2026-06-05 11:49:46,897: Jac Loss 52552.546875
2026-06-05 11:49:50,372: Jac Loss 52329.74609375
2026-06-05 11:49:53,443: Step 10, Train PSNR 28.17890739440918
2026-06-05 11:49:53,854: Jac Loss 48700.7265625
2026-06-05 11:49:57,137: Jac Loss 52041.34375
2026-06-05 11:49:59,901: Step 20, Train PSNR 28.309351921081543
2026-06-05 11:50:00,331: Jac Loss 59855.8828125
2026-06-05 11:50:03,830: Jac Loss 54498.8984375
2026-06-05 11:50:07,266: Step 30, Train PSNR 28.384917640686034
2026-06-05 11:50:07,647: Jac Loss 49113.55859375
2026-06-05 11:50:11,103: Jac Loss 47540.09375
2026-06-05 11:50:13,936: Step 40, Train PSNR 28.264142274856567
2026-06-05 11:50:14,339: Jac Loss 64814.9765625
2026-06-05 11:50:17,200: [Epoch 75] Train Loss: 2.82E+01, PSNR: 28.33
2026-06-05 11:50:17,762: Jac Loss 53618.8671875
2026-06-05 11:50:21,034: Jac Loss 54347.953125
2026-06-05 11:50:23,913: Step 10, Train PSNR 27.91548099517822
2026-06-05 11:50:24,344: Jac Loss 48483.6875
2026-06-05 11:50:27,647: Jac Loss 66924.3203125
2026-06-05 11:50:30,543: Step 20, Train PSNR 27.98455114364624
2026-06-05 11:50:31,010: Jac Loss 46633.3359375
2026-06-05 11:50:34,507: Jac Loss 53068.1015625
2026-06-05 11:50:37,310: Step 30, Train PSNR 28.010235850016276
2026-06-05 11:50:37,734: Jac Loss 52016.8984375
2026-06-05 11:50:41,022: Jac Loss 58409.9609375
2026-06-05 11:50:43,849: Step 40, Train PSNR 27.985189056396486
2026-06-05 11:50:44,319: Jac Loss 56685.546875
2026-06-05 11:50:47,258: [Epoch 76] Train Loss: 2.98E+01, PSNR: 28.02
2026-06-05 11:50:47,857: Jac Loss 60422.609375
2026-06-05 11:50:51,201: Jac Loss 55603.5
2026-06-05 11:50:54,345: Step 10, Train PSNR 28.05349655151367
2026-06-05 11:50:54,772: Jac Loss 63806.22265625
2026-06-05 11:50:58,077: Jac Loss 50297.62890625
2026-06-05 11:51:00,890: Step 20, Train PSNR 28.174828624725343
2026-06-05 11:51:01,312: Jac Loss 51374.109375
2026-06-05 11:51:04,583: Jac Loss 49668.9140625
2026-06-05 11:51:07,478: Step 30, Train PSNR 28.051808547973632
2026-06-05 11:51:07,937: Jac Loss 50108.453125
2026-06-05 11:51:11,541: Jac Loss 49931.3515625
2026-06-05 11:51:14,414: Step 40, Train PSNR 28.138517665863038
2026-06-05 11:51:14,834: Jac Loss 59999.02734375
2026-06-05 11:51:17,994: [Epoch 77] Train Loss: 3.01E+01, PSNR: 28.12
2026-06-05 11:51:18,530: Jac Loss 50217.09765625
2026-06-05 11:51:21,580: Jac Loss 43718.26953125
2026-06-05 11:51:24,315: Step 10, Train PSNR 28.015853881835938
2026-06-05 11:51:24,741: Jac Loss 51064.41796875
2026-06-05 11:51:27,993: Jac Loss 44324.06640625
2026-06-05 11:51:31,268: Step 20, Train PSNR 28.159904098510744
2026-06-05 11:51:31,668: Jac Loss 52165.09375
2026-06-05 11:51:35,048: Jac Loss 45196.421875
2026-06-05 11:51:37,754: Step 30, Train PSNR 28.017913500467937
2026-06-05 11:51:38,206: Jac Loss 52280.25
2026-06-05 11:51:41,272: Jac Loss 47791.8359375
2026-06-05 11:51:44,514: Step 40, Train PSNR 27.97275128364563
2026-06-05 11:51:44,940: Jac Loss 45770.25
2026-06-05 11:51:47,902: [Epoch 78] Train Loss: 3.04E+01, PSNR: 28.02
2026-06-05 11:51:48,407: Jac Loss 48329.2109375
2026-06-05 11:51:52,076: Jac Loss 52219.125
2026-06-05 11:51:54,847: Step 10, Train PSNR 28.245197105407716
2026-06-05 11:51:55,278: Jac Loss 50740.94140625
2026-06-05 11:51:58,343: Jac Loss 48711.1875
2026-06-05 11:52:01,206: Step 20, Train PSNR 28.2741117477417
2026-06-05 11:52:01,645: Jac Loss 50871.1015625
2026-06-05 11:52:04,692: Jac Loss 55606.9296875
2026-06-05 11:52:07,404: Step 30, Train PSNR 28.22415211995443
2026-06-05 11:52:08,208: Jac Loss 52605.578125
2026-06-05 11:52:11,351: Jac Loss 40325.3515625
2026-06-05 11:52:14,088: Step 40, Train PSNR 28.133154773712157
2026-06-05 11:52:14,507: Jac Loss 51396.328125
2026-06-05 11:52:17,418: [Epoch 79] Train Loss: 2.99E+01, PSNR: 28.09
2026-06-05 11:52:17,930: Jac Loss 48415.23046875
2026-06-05 11:52:21,482: Jac Loss 59695.5625
2026-06-05 11:52:24,406: Step 10, Train PSNR 28.277695846557616
2026-06-05 11:52:24,850: Jac Loss 56149.8125
2026-06-05 11:52:27,992: Jac Loss 54309.4296875
2026-06-05 11:52:30,878: Step 20, Train PSNR 28.167843914031984
2026-06-05 11:52:31,290: Jac Loss 51762.25
2026-06-05 11:52:34,452: Jac Loss 52907.640625
2026-06-05 11:52:37,371: Step 30, Train PSNR 28.27775001525879
2026-06-05 11:52:37,746: Jac Loss 43600.45703125
2026-06-05 11:52:40,965: Jac Loss 60953.66796875
2026-06-05 11:52:43,717: Step 40, Train PSNR 28.17999634742737
2026-06-05 11:52:44,144: Jac Loss 52905.01171875
2026-06-05 11:52:47,180: [Epoch 80] Train Loss: 2.96E+01, PSNR: 28.15
2026-06-05 11:53:00,820: [Epoch 80] Val Loss: 1.82E+02, PSNR: 27.98
2026-06-05 11:53:01,323: Jac Loss 44808.5390625
2026-06-05 11:53:04,377: Jac Loss 37308.6875
2026-06-05 11:53:07,193: Step 10, Train PSNR 27.71866092681885
2026-06-05 11:53:07,611: Jac Loss 51147.5703125
2026-06-05 11:53:10,694: Jac Loss 39640.2421875
2026-06-05 11:53:13,348: Step 20, Train PSNR 27.707194995880126
2026-06-05 11:53:13,785: Jac Loss 47963.2421875
2026-06-05 11:53:16,933: Jac Loss 43782.1640625
2026-06-05 11:53:19,651: Step 30, Train PSNR 28.03530673980713
2026-06-05 11:53:20,063: Jac Loss 55768.90625
2026-06-05 11:53:23,231: Jac Loss 47772.96875
2026-06-05 11:53:25,882: Step 40, Train PSNR 28.039004373550416
2026-06-05 11:53:26,303: Jac Loss 49317.078125
2026-06-05 11:53:29,019: [Epoch 81] Train Loss: 3.08E+01, PSNR: 27.99
2026-06-05 11:53:29,543: Jac Loss 39131.81640625
2026-06-05 11:53:32,612: Jac Loss 44799.9921875
2026-06-05 11:53:35,296: Step 10, Train PSNR 28.03725662231445
2026-06-05 11:53:35,705: Jac Loss 47699.15625
2026-06-05 11:53:38,803: Jac Loss 50537.53125
2026-06-05 11:53:41,552: Step 20, Train PSNR 28.0862247467041
2026-06-05 11:53:41,993: Jac Loss 51391.4296875
2026-06-05 11:53:45,158: Jac Loss 54478.87890625
2026-06-05 11:53:47,874: Step 30, Train PSNR 28.28366902669271
2026-06-05 11:53:48,386: Jac Loss 54929.546875
2026-06-05 11:53:51,511: Jac Loss 51834.71875
2026-06-05 11:53:54,364: Step 40, Train PSNR 28.36618447303772
2026-06-05 11:53:54,789: Jac Loss 51340.5
2026-06-05 11:53:57,593: [Epoch 82] Train Loss: 2.82E+01, PSNR: 28.38
2026-06-05 11:53:58,140: Jac Loss 56410.9453125
2026-06-05 11:54:01,523: Jac Loss 65575.5625
2026-06-05 11:54:04,287: Step 10, Train PSNR 28.40945167541504
2026-06-05 11:54:04,684: Jac Loss 53659.11328125
2026-06-05 11:54:07,948: Jac Loss 64261.17578125
2026-06-05 11:54:10,734: Step 20, Train PSNR 28.255260944366455
2026-06-05 11:54:11,170: Jac Loss 58065.578125
2026-06-05 11:54:14,205: Jac Loss 52661.1640625
2026-06-05 11:54:16,920: Step 30, Train PSNR 28.146362177530925
2026-06-05 11:54:17,406: Jac Loss 50323.51953125
2026-06-05 11:54:20,629: Jac Loss 53250.05078125
2026-06-05 11:54:23,409: Step 40, Train PSNR 28.228015851974487
2026-06-05 11:54:23,829: Jac Loss 59422.578125
2026-06-05 11:54:26,565: [Epoch 83] Train Loss: 2.92E+01, PSNR: 28.19
2026-06-05 11:54:27,115: Jac Loss 55540.0078125
2026-06-05 11:54:30,381: Jac Loss 55906.71484375
2026-06-05 11:54:33,138: Step 10, Train PSNR 28.062121772766112
2026-06-05 11:54:33,558: Jac Loss 43673.359375
2026-06-05 11:54:36,643: Jac Loss 44195.5
2026-06-05 11:54:39,333: Step 20, Train PSNR 27.919715023040773
2026-06-05 11:54:39,719: Jac Loss 43733.23828125
2026-06-05 11:54:42,733: Jac Loss 45391.09375
2026-06-05 11:54:45,336: Step 30, Train PSNR 27.7236541112264
2026-06-05 11:54:45,765: Jac Loss 47045.58203125
2026-06-05 11:54:48,799: Jac Loss 46405.5859375
2026-06-05 11:54:51,544: Step 40, Train PSNR 27.862878561019897
2026-06-05 11:54:51,967: Jac Loss 46203.5078125
2026-06-05 11:54:54,663: [Epoch 84] Train Loss: 3.09E+01, PSNR: 27.96
2026-06-05 11:54:55,166: Jac Loss 42967.6875
2026-06-05 11:54:58,310: Jac Loss 58880.75390625
2026-06-05 11:55:01,062: Step 10, Train PSNR 28.393182373046876
2026-06-05 11:55:01,543: Jac Loss 51512.3671875
2026-06-05 11:55:04,780: Jac Loss 52995.3828125
2026-06-05 11:55:07,477: Step 20, Train PSNR 28.320498561859132
2026-06-05 11:55:07,923: Jac Loss 50505.453125
2026-06-05 11:55:11,086: Jac Loss 51503.01171875
2026-06-05 11:55:13,884: Step 30, Train PSNR 28.318236033121746
2026-06-05 11:55:14,331: Jac Loss 56987.984375
2026-06-05 11:55:17,850: Jac Loss 56982.234375
2026-06-05 11:55:20,568: Step 40, Train PSNR 28.17708463668823
2026-06-05 11:55:20,986: Jac Loss 47266.47265625
2026-06-05 11:55:23,748: [Epoch 85] Train Loss: 2.94E+01, PSNR: 28.23
2026-06-05 11:55:24,274: Jac Loss 53250.609375
2026-06-05 11:55:27,374: Jac Loss 50614.3046875
2026-06-05 11:55:30,061: Step 10, Train PSNR 27.963114738464355
2026-06-05 11:55:30,476: Jac Loss 42067.109375
2026-06-05 11:55:33,527: Jac Loss 37893.05078125
2026-06-05 11:55:36,229: Step 20, Train PSNR 27.919561672210694
2026-06-05 11:55:36,650: Jac Loss 58857.828125
2026-06-05 11:55:39,881: Jac Loss 46642.1640625
2026-06-05 11:55:42,587: Step 30, Train PSNR 28.18136215209961
2026-06-05 11:55:43,021: Jac Loss 45376.265625
2026-06-05 11:55:46,195: Jac Loss 55640.9140625
2026-06-05 11:55:48,901: Step 40, Train PSNR 28.145130825042724
2026-06-05 11:55:49,317: Jac Loss 41514.37890625
2026-06-05 11:55:51,994: [Epoch 86] Train Loss: 2.96E+01, PSNR: 28.12
2026-06-05 11:55:52,532: Jac Loss 52082.0625
2026-06-05 11:55:55,761: Jac Loss 48593.36328125
2026-06-05 11:55:58,472: Step 10, Train PSNR 28.71830825805664
2026-06-05 11:55:58,835: Jac Loss 61092.23828125
2026-06-05 11:56:02,021: Jac Loss 45920.75
2026-06-05 11:56:04,780: Step 20, Train PSNR 28.47594976425171
2026-06-05 11:56:05,185: Jac Loss 51718.484375
2026-06-05 11:56:08,284: Jac Loss 46948.46875
2026-06-05 11:56:11,002: Step 30, Train PSNR 28.3833948135376
2026-06-05 11:56:11,404: Jac Loss 48281.734375
2026-06-05 11:56:14,543: Jac Loss 61551.37890625
2026-06-05 11:56:17,207: Step 40, Train PSNR 28.20981912612915
2026-06-05 11:56:17,637: Jac Loss 44348.5546875
2026-06-05 11:56:20,370: [Epoch 87] Train Loss: 2.97E+01, PSNR: 28.19
2026-06-05 11:56:20,907: Jac Loss 42666.9296875
2026-06-05 11:56:23,982: Jac Loss 47417.046875
2026-06-05 11:56:26,517: Step 10, Train PSNR 27.553928184509278
2026-06-05 11:56:26,953: Jac Loss 49821.8046875
2026-06-05 11:56:29,999: Jac Loss 40005.96875
2026-06-05 11:56:32,687: Step 20, Train PSNR 27.745524311065672
2026-06-05 11:56:33,111: Jac Loss 49926.41015625
2026-06-05 11:56:36,212: Jac Loss 47613.82421875
2026-06-05 11:56:38,859: Step 30, Train PSNR 27.86989345550537
2026-06-05 11:56:39,303: Jac Loss 54497.78125
2026-06-05 11:56:42,467: Jac Loss 49133.04296875
2026-06-05 11:56:45,142: Step 40, Train PSNR 27.867428731918334
2026-06-05 11:56:45,535: Jac Loss 48110.765625
2026-06-05 11:56:48,263: [Epoch 88] Train Loss: 3.10E+01, PSNR: 27.90
2026-06-05 11:56:48,762: Jac Loss 44503.0546875
2026-06-05 11:56:51,904: Jac Loss 39511.0859375
2026-06-05 11:56:54,695: Step 10, Train PSNR 27.79480037689209
2026-06-05 11:56:55,084: Jac Loss 46314.90625
2026-06-05 11:56:58,232: Jac Loss 45542.69140625
2026-06-05 11:57:00,917: Step 20, Train PSNR 27.91298427581787
2026-06-05 11:57:01,323: Jac Loss 51598.66796875
2026-06-05 11:57:04,540: Jac Loss 47743.21484375
2026-06-05 11:57:07,232: Step 30, Train PSNR 28.011685434977213
2026-06-05 11:57:07,648: Jac Loss 45884.8515625
2026-06-05 11:57:10,852: Jac Loss 55458.05078125
2026-06-05 11:57:13,619: Step 40, Train PSNR 28.06798644065857
2026-06-05 11:57:14,021: Jac Loss 52962.29296875
2026-06-05 11:57:16,798: [Epoch 89] Train Loss: 3.02E+01, PSNR: 28.05
2026-06-05 11:57:17,356: Jac Loss 53252.1875
2026-06-05 11:57:20,560: Jac Loss 55094.828125
2026-06-05 11:57:23,259: Step 10, Train PSNR 28.250807189941405
2026-06-05 11:57:23,706: Jac Loss 43125.7890625
2026-06-05 11:57:26,896: Jac Loss 55126.88671875
2026-06-05 11:57:29,651: Step 20, Train PSNR 28.06661672592163
2026-06-05 11:57:30,054: Jac Loss 40252.8671875
2026-06-05 11:57:33,425: Jac Loss 51693.90625
2026-06-05 11:57:36,234: Step 30, Train PSNR 28.000820223490397
2026-06-05 11:57:36,618: Jac Loss 44974.19921875
2026-06-05 11:57:39,862: Jac Loss 59086.75
2026-06-05 11:57:42,569: Step 40, Train PSNR 28.035998916625978
2026-06-05 11:57:42,988: Jac Loss 42659.8046875
2026-06-05 11:57:45,669: [Epoch 90] Train Loss: 3.02E+01, PSNR: 28.07
2026-06-05 11:57:46,252: Jac Loss 59468.7265625
2026-06-05 11:57:49,486: Jac Loss 58709.6640625
2026-06-05 11:57:52,273: Step 10, Train PSNR 27.86529197692871
2026-06-05 11:57:52,724: Jac Loss 48574.7578125
2026-06-05 11:57:55,834: Jac Loss 44315.171875
2026-06-05 11:57:58,475: Step 20, Train PSNR 27.841831016540528
2026-06-05 11:57:58,909: Jac Loss 49197.734375
2026-06-05 11:58:02,004: Jac Loss 50005.2578125
2026-06-05 11:58:04,885: Step 30, Train PSNR 27.993176460266113
2026-06-05 11:58:05,301: Jac Loss 49861.921875
2026-06-05 11:58:08,431: Jac Loss 56371.8984375
2026-06-05 11:58:11,259: Step 40, Train PSNR 28.1592378616333
2026-06-05 11:58:11,678: Jac Loss 49595.828125
2026-06-05 11:58:14,450: [Epoch 91] Train Loss: 2.97E+01, PSNR: 28.14
2026-06-05 11:58:15,069: Jac Loss 56441.9765625
2026-06-05 11:58:18,149: Jac Loss 50593.3515625
2026-06-05 11:58:20,861: Step 10, Train PSNR 28.029017448425293
2026-06-05 11:58:21,301: Jac Loss 52442.1640625
2026-06-05 11:58:24,464: Jac Loss 49828.5390625
2026-06-05 11:58:27,195: Step 20, Train PSNR 28.224326133728027
2026-06-05 11:58:27,593: Jac Loss 48510.359375
2026-06-05 11:58:30,764: Jac Loss 44577.6171875
2026-06-05 11:58:33,486: Step 30, Train PSNR 28.171417681376138
2026-06-05 11:58:33,891: Jac Loss 53247.59765625
2026-06-05 11:58:37,109: Jac Loss 54282.296875
2026-06-05 11:58:39,822: Step 40, Train PSNR 28.14132890701294
2026-06-05 11:58:40,219: Jac Loss 45016.21875
2026-06-05 11:58:42,852: [Epoch 92] Train Loss: 2.98E+01, PSNR: 28.12
2026-06-05 11:58:43,407: Jac Loss 61110.79296875
2026-06-05 11:58:46,563: Jac Loss 52419.515625
2026-06-05 11:58:49,288: Step 10, Train PSNR 28.484104537963866
2026-06-05 11:58:49,704: Jac Loss 49051.9140625
2026-06-05 11:58:52,827: Jac Loss 50827.7265625
2026-06-05 11:58:55,461: Step 20, Train PSNR 28.19089994430542
2026-06-05 11:58:55,867: Jac Loss 40558.24609375
2026-06-05 11:58:58,983: Jac Loss 59010.73828125
2026-06-05 11:59:01,869: Step 30, Train PSNR 28.21312141418457
2026-06-05 11:59:02,283: Jac Loss 45659.46875
2026-06-05 11:59:05,487: Jac Loss 65042.0078125
2026-06-05 11:59:08,247: Step 40, Train PSNR 28.177925252914427
2026-06-05 11:59:08,642: Jac Loss 42689.8671875
2026-06-05 11:59:11,363: [Epoch 93] Train Loss: 2.95E+01, PSNR: 28.16
2026-06-05 11:59:11,874: Jac Loss 45119.6171875
2026-06-05 11:59:14,911: Jac Loss 50156.1328125
2026-06-05 11:59:17,611: Step 10, Train PSNR 28.16275691986084
2026-06-05 11:59:18,036: Jac Loss 62483.9375
2026-06-05 11:59:21,170: Jac Loss 52834.8828125
2026-06-05 11:59:23,862: Step 20, Train PSNR 28.051710891723634
2026-06-05 11:59:24,260: Jac Loss 53135.4453125
2026-06-05 11:59:27,400: Jac Loss 48600.390625
2026-06-05 11:59:30,146: Step 30, Train PSNR 28.085901578267414
2026-06-05 11:59:30,572: Jac Loss 59745.9921875
2026-06-05 11:59:33,762: Jac Loss 46567.54296875
2026-06-05 11:59:36,518: Step 40, Train PSNR 28.183173513412477
2026-06-05 11:59:36,957: Jac Loss 56742.4296875
2026-06-05 11:59:39,695: [Epoch 94] Train Loss: 2.93E+01, PSNR: 28.14
2026-06-05 11:59:40,233: Jac Loss 53555.7734375
2026-06-05 11:59:43,396: Jac Loss 54674.0625
2026-06-05 11:59:46,069: Step 10, Train PSNR 28.362930870056154
2026-06-05 11:59:46,492: Jac Loss 48349.40625
2026-06-05 11:59:49,587: Jac Loss 42269.109375
2026-06-05 11:59:52,470: Step 20, Train PSNR 28.329278182983398
2026-06-05 11:59:52,864: Jac Loss 46067.19140625
2026-06-05 11:59:56,030: Jac Loss 50501.046875
2026-06-05 11:59:58,833: Step 30, Train PSNR 28.308717727661133
2026-06-05 11:59:59,301: Jac Loss 50729.1015625
2026-06-05 12:00:02,395: Jac Loss 57658.90625
2026-06-05 12:00:05,112: Step 40, Train PSNR 28.240031671524047
2026-06-05 12:00:05,499: Jac Loss 53183.2421875
2026-06-05 12:00:08,262: [Epoch 95] Train Loss: 2.95E+01, PSNR: 28.16
2026-06-05 12:00:08,836: Jac Loss 48503.5625
2026-06-05 12:00:12,056: Jac Loss 50358.875
2026-06-05 12:00:14,816: Step 10, Train PSNR 28.03002986907959
2026-06-05 12:00:15,223: Jac Loss 46789.9453125
2026-06-05 12:00:18,357: Jac Loss 55805.3125
2026-06-05 12:00:21,026: Step 20, Train PSNR 28.03231077194214
2026-06-05 12:00:21,427: Jac Loss 52076.75
2026-06-05 12:00:24,524: Jac Loss 48583.484375
2026-06-05 12:00:27,302: Step 30, Train PSNR 28.118048922220865
2026-06-05 12:00:27,702: Jac Loss 47051.36328125
2026-06-05 12:00:30,930: Jac Loss 53008.6328125
2026-06-05 12:00:33,642: Step 40, Train PSNR 28.084389877319335
2026-06-05 12:00:34,082: Jac Loss 57393.62890625
2026-06-05 12:00:36,806: [Epoch 96] Train Loss: 2.96E+01, PSNR: 28.10
2026-06-05 12:00:37,478: Jac Loss 56742.09375
2026-06-05 12:00:40,549: Jac Loss 48179.91796875
2026-06-05 12:00:43,192: Step 10, Train PSNR 28.386566352844238
2026-06-05 12:00:43,622: Jac Loss 61360.171875
2026-06-05 12:00:46,860: Jac Loss 56612.59375
2026-06-05 12:00:49,558: Step 20, Train PSNR 28.348513507843016
2026-06-05 12:00:50,008: Jac Loss 68822.3359375
2026-06-05 12:00:53,211: Jac Loss 48989.1875
2026-06-05 12:00:55,972: Step 30, Train PSNR 28.413625462849936
2026-06-05 12:00:56,359: Jac Loss 46672.14453125
2026-06-05 12:00:59,507: Jac Loss 39737.76171875
2026-06-05 12:01:02,234: Step 40, Train PSNR 28.26769690513611
2026-06-05 12:01:02,602: Jac Loss 44005.015625
2026-06-05 12:01:05,396: [Epoch 97] Train Loss: 2.91E+01, PSNR: 28.27
2026-06-05 12:01:05,885: Jac Loss 45498.6953125
2026-06-05 12:01:09,060: Jac Loss 45262.9296875
2026-06-05 12:01:11,911: Step 10, Train PSNR 28.4053653717041
2026-06-05 12:01:12,344: Jac Loss 57715.65625
2026-06-05 12:01:15,608: Jac Loss 47833.28515625
2026-06-05 12:01:18,273: Step 20, Train PSNR 28.489266872406006
2026-06-05 12:01:18,673: Jac Loss 48123.40625
2026-06-05 12:01:21,919: Jac Loss 57176.22265625
2026-06-05 12:01:24,743: Step 30, Train PSNR 28.48415667215983
2026-06-05 12:01:25,129: Jac Loss 48617.1953125
2026-06-05 12:01:28,490: Jac Loss 62344.3046875
2026-06-05 12:01:31,183: Step 40, Train PSNR 28.408771657943724
2026-06-05 12:01:31,604: Jac Loss 50036.15625
2026-06-05 12:01:34,257: [Epoch 98] Train Loss: 2.86E+01, PSNR: 28.31
2026-06-05 12:01:34,758: Jac Loss 45481.94140625
2026-06-05 12:01:37,857: Jac Loss 55505.76953125
2026-06-05 12:01:40,580: Step 10, Train PSNR 28.000569534301757
2026-06-05 12:01:41,020: Jac Loss 46470.2265625
2026-06-05 12:01:44,166: Jac Loss 53605.0078125
2026-06-05 12:01:46,832: Step 20, Train PSNR 28.00167598724365
2026-06-05 12:01:47,257: Jac Loss 53560.0
2026-06-05 12:01:50,443: Jac Loss 47782.2578125
2026-06-05 12:01:53,187: Step 30, Train PSNR 28.18739547729492
2026-06-05 12:01:53,625: Jac Loss 53071.46875
2026-06-05 12:01:56,685: Jac Loss 53515.33984375
2026-06-05 12:01:59,420: Step 40, Train PSNR 28.24081163406372
2026-06-05 12:01:59,826: Jac Loss 50250.1328125
2026-06-05 12:02:02,606: [Epoch 99] Train Loss: 2.96E+01, PSNR: 28.18
2026-06-05 12:02:03,166: Jac Loss 60788.921875
2026-06-05 12:02:06,337: Jac Loss 46056.82421875
2026-06-05 12:02:09,039: Step 10, Train PSNR 28.292195892333986
2026-06-05 12:02:09,454: Jac Loss 67108.5078125
2026-06-05 12:02:12,613: Jac Loss 47230.0859375
2026-06-05 12:02:15,292: Step 20, Train PSNR 28.24241542816162
2026-06-05 12:02:15,736: Jac Loss 63137.2890625
2026-06-05 12:02:18,918: Jac Loss 47219.0078125
2026-06-05 12:02:21,613: Step 30, Train PSNR 28.408103243509927
2026-06-05 12:02:22,018: Jac Loss 51734.6484375
2026-06-05 12:02:25,177: Jac Loss 49946.90625
2026-06-05 12:02:27,909: Step 40, Train PSNR 28.27862677574158
2026-06-05 12:02:28,325: Jac Loss 48420.3515625
2026-06-05 12:02:31,075: [Epoch 100] Train Loss: 2.90E+01, PSNR: 28.29
2026-06-05 12:02:42,755: [Epoch 100] Val Loss: 1.82E+02, PSNR: 27.99
